,,,,,,,
FUND,FUND NAME,PORTFOLIO,PRODUCT NAME,OBJECTIVE,ASSET CLASS,PRODUCT TYPE,
KS,MF NAM KS Muni,Nuveen Kansas Municipal Bond,Nuveen Kansas Municipal Bond Fund,Municipal - State,FIXED INCOME MUNI,MF,
KY,MF NAM KY Muni,Nuveen Kentucky Municipal Bond,Nuveen Kentucky Municipal Bond Fund,Municipal - State,FIXED INCOME MUNI,MF,
WCMLCG,SMA WIN Lg Cap Grow,Winslow Large-Cap Growth,Winslow Large-Cap Growth,Growth,EQUITY,SMA,
WI,MF NAM WI Muni,Nuveen Wisconsin Municipal Bond,Nuveen Wisconsin Municipal Bond Fund,Municipal - State,FIXED INCOME MUNI,MF,
WLCG,MF WIN Lg Cap Grow ESG,Winslow Large-Cap Growth ESG,Winslow Large-Cap Growth ESG Fund,Growth,EQUITY,MF,
X102,SMA MDA Dom Lg Cap Bal Muni,Nuveen MDA Domestic Large Cap Balanced Muni,Nuveen MDA Domestic Large Cap Balanced Muni,Asset Allocation,MULTIPLE,SMA,
X104,SMA MDA Glb Lg Cap Bal Muni,Nuveen MDA Global Large Cap Balanced Muni,Nuveen MDA Global Large Cap Balanced Muni,Asset Allocation,MULTIPLE,SMA,
XCDP3,SMA MDA Mlt-Firm CDP Muni III,Nuveen MDA Multi Firm CDP Muni III,Nuveen MDA Multi Firm CDP Muni III,Asset Allocation,MULTIPLE,SMA,
XCDP4,SMA MDA Mlt-Firm CDP Muni IV,Nuveen MDA Multi Firm CDP Muni IV,Nuveen MDA Multi Firm CDP Muni IV,Asset Allocation,MULTIPLE,SMA,
XMAP1,SMA NAM Muni Tot Rtn MAP,Nuveen Muni Total Return MAP,Nuveen Muni Total Return MAP,Municipal - National,FIXED INCOME MUNI,SMA,
XPW3,SMA MDA Mlt-Mgr 3 w/ Muni,Nuveen Multi Manager 3 with Muni,Nuveen MDA Multi Manager 3 with Muni,Asset Allocation,MULTIPLE,SMA,
XSW1,SMA MDA Nuv Mod Cons Port,Nuveen MDA Mod Conservsative Port w/ Muni Bonds,Nuveen MDA Mod Conservsative Port w/ Muni Bonds,Asset Allocation,MULTIPLE,SMA,
XSW2,SMA MDA Nuv Mod Port w/ Muni,Nuveen MDA Mod Port w/ Muni Bonds,Nuveen MDA Mod Port w/ Muni Bonds,Asset Allocation,MULTIPLE,SMA,
XSW3,SMA MDA Nuv Mod Aggr Port,Nuveen MDA Mod Aggressive Port - Muni Bonds,Nuveen MDA Mod Aggressive Port - Muni Bonds,Asset Allocation,MULTIPLE,SMA,
LA,MF NAM LA Muni,Nuveen Louisiana Municipal Bond,Nuveen Louisiana Municipal Bond Fund,Municipal - State,FIXED INCOME MUNI,MF,
LINT,SMA NAM Long/Int Muni,Nuveen Long-Intermediate Muni Portfolio,Nuveen Long-Intermediate Muni Portfolio,Municipal - National,FIXED INCOME MUNI,SMA,
LT,MF NAM Ltd Term Muni,Nuveen Limited-Term Municipal Bond,Nuveen Limited-Term Municipal Bond Fund,Municipal - National,FIXED INCOME MUNI,MF,
MCPP,SMA NAM Ltd Mat Muni,Nuveen Limited Maturity Municipal Style,Nuveen Limited Maturity Municipal Style,Municipal - National,FIXED INCOME MUNI,SMA,
MINC,SMA NAM Long Term Muni,Nuveen Long Term Municipal Style,Nuveen Long Term Municipal Style,Municipal - National,FIXED INCOME MUNI,SMA,
MLAD,SMA NAM Int Term HQ Muni,Nuveen Intermediate Term Municipal Style,Nuveen Intermediate Term Municipal Style,Municipal - National,FIXED INCOME MUNI,SMA,
MLAP,SMA NAM MLAP,Nuveen PAM accounts(Temporary),Nuveen PAM accounts(Temporary),Municipal - National,FIXED INCOME MUNI,SMA,
MLC,SMA NAM Consults,Nuveen Merrill Lynch Consults,Nuveen Merrill Lynch Consults,Municipal - National,FIXED INCOME MUNI,SMA,
MO,MF NAM MO Muni,Nuveen Missouri Municipal Bond,Nuveen Missouri Municipal Bond Fund,Municipal - State,FIXED INCOME MUNI,MF,
NAC,CEF NAC CA Div Adv,Nuveen CA Dividend Advantage Muni,Nuveen CA Dividend Advantage Muni Fund,MUNST,FIXED INCOME MUNI,CEF,
NAD,CEF NAD Div Adv,Nuveen Dividend Advantage Muni,Nuveen Dividend Advantage Muni Fund,MUNNAT,FIXED INCOME MUNI,CEF,
NAMPFD,SMA NAM Pref Sec,Nuveen Preferred Securities,Nuveen Preferred Securities,Taxable Fixed Income,FIXED INCOME TAXABLE,SMA,
NAN,CEF NAN NY Div Adv,Nuveen NY Dividend Advantage Muni,Nuveen NY Dividend Advantage Muni Fund,MUNST,FIXED INCOME MUNI,CEF,
NBB,CEF NBB Build America Bond,Nuveen Build America Bond Term,Nuveen Build America Bond Term Fund,MUNTAX,FIXED INCOME MUNI,CEF,
NC,MF NAM NC Muni,Nuveen North Carolina Municipal Bond,Nuveen North Carolina Municipal Bond Fund,Municipal - State,FIXED INCOME MUNI,MF,
NCASP,MF NAM CA Muni,Nuveen California Municipal Bond,Nuveen California Municipal Bond Fund,Municipal - State,FIXED INCOME MUNI,MF,
NCB,CEF NCB CA Muni 2,Nuveen California Municipal Value 2,Nuveen California Municipal Value Fund 2,MUNST,FIXED INCOME MUNI,CEF,
NCHY,MF NAM CA Hi Yld Muni,Nuveen California High Yield Municipal Bond,Nuveen California High Yield Municipal Bond Fund,Municipal - State,FIXED INCOME MUNI,MF,
NDGF,MF SBAM Div Grow,Santa Barbara Dividend Growth,Santa Barbara Dividend Growth Fund,Core,EQUITY,MF,
NEA,CEF NEA Ins Tax Free Adv,Nuveen Insured Tax-Free Advantage,Nuveen Insured Tax-Free Advantage Fund,MUNNAT,FIXED INCOME MUNI,CEF,
NEIF,MF NWQ Glb Eq Inc,NWQ Global Equity Income,NWQ Global Equity Income Fund,Global/International,EQUITY,MF,
NIPM,MF NAM Infl Prot Muni,Nuveen Inflation Protected Muni,Nuveen Inflation Protected Municipal Bond Fund,Municipal - National,FIXED INCOME MUNI,MF,
NEV,CEF NEV Enh Muni Val,Nuveen Enhanced Municipal Value,Nuveen Enhanced Municipal Value Fund,MUNNAT,FIXED INCOME MUNI,CEF,
NFAZ,MF NAM AZ Muni,Arizona Municipal Bond,Nuveen Arizona Municipal Bond Fund,Municipal - State,FIXED INCOME MUNI,MF,
NFMI,MF NAM MI Muni,Nuveen Michigan Municipal Bond,Nuveen Michigan Municipal Bond Fund,Municipal - State,FIXED INCOME MUNI,MF,
NFNJ,MF NAM NJ Muni,Nuveen New Jersey Muni Bond,Nuveen New Jersey Muni Bond Fund,Municipal - State,FIXED INCOME MUNI,MF,
NFNY,MF NAM NY Muni,Nuveen New York Muni Bond,Nuveen New York Muni Bond Fund,Municipal - State,FIXED INCOME MUNI,MF,
NFOH,MF NAM OH Muni,Nuveen Ohio Municipal Bond,Nuveen Ohio Municipal Bond Fund,Municipal - State,FIXED INCOME MUNI,MF,
NFPA,MF NAM PA Muni,Nuveen Pennsylvania Municipal Bond,Nuveen Pennsylvania Municipal Bond Fund,Municipal - State,FIXED INCOME MUNI,MF,
NFVA,MF NAM VA Muni,Nuveen Virginia Municipal Bond,Nuveen Virginia Municipal Bond Fund,Municipal - State,FIXED INCOME MUNI,MF,
NGIS,MF NAM Lg Cap Val,Nuveen Large Cap Value,Nuveen Large Cap Value Fund,Value,EQUITY,MF,
NHYF,MF NAM Hi Yld Muni,Nuveen High Yield Municipal Bond,Nuveen High Yield Municipal Bond Fund,Municipal - National,FIXED INCOME MUNI,MF,
NIGF,MF NWQ Intl Val,NWQ International Value,NWQ International Value Fund,Global/International,EQUITY,MF,
NJV,CEF NJV NJ Muni,Nuveen New Jersey Municipal Value,Nuveen New Jersey Municipal Value Fund,MUNST,FIXED INCOME MUNI,CEF,
NKG,CEF NKG GA Div Adv 2,Nuveen Georgia 2,Nuveen Georgia Fund 2 ,MUNST,FIXED INCOME MUNI,CEF,
NKX,CEF NKX CA Ins Tax Free Adv,Nuveen California Ins Tax Free,Nuveen California Ins Tax Free Fund,MUNST,FIXED INCOME MUNI,CEF,
NM,MF NAM NM Muni,Nuveen New Mexico Municipal Bond,Nuveen New Mexico Municipal Bond Fund,Municipal - State,FIXED INCOME MUNI,MF,
NMBF,MF NAM Int Dur Muni,Nuveen Intermediate Duration Municipal Bond,Nuveen Intermediate Duration Municipal Bond Fund,Municipal - National,FIXED INCOME MUNI,MF,
NMCVF,MF NWQ Mlt-Cap Val,NWQ Multi-Cap Value,NWQ Multi-Cap Value Fund,Value,EQUITY,MF,
NMDV,MF NAM MD Muni,Nuveen Maryland Municipal Bond,Nuveen Maryland Municipal Bond Fund,Municipal - State,FIXED INCOME MUNI,MF,
NMTR,MF NAM Pool Muni Tot Rtn,Nuveen Managed Account Pooled Municipal Total Return,Nuveen Managed Account Pooled Municipal Total Return Fund,Municipal - National,FIXED INCOME MUNI,MF,
NMZ,CEF NMZ Muni Hi Inc Opp,Nuveen Municipal High Income Opportunity,Nuveen Municipal High Income Opportunity Fund,MUNNAT,FIXED INCOME MUNI,CEF,
NPIM,SMA NAM NPIM,Nuveen Private Investment Management,Nuveen Private Investment Management,Municipal - National,FIXED INCOME MUNI,SMA,
NPN,CEF NPN PA Muni,Nuveen Pennsylvania Muni Value,Nuveen Pennsylvania Muni Value Fund,MUNST,FIXED INCOME MUNI,CEF,
NPSF,MF NAM Pref Sec,Nuveen Preferred Securities,Nuveen Preferred Securities Fund,Taxable Fixed Income,FIXED INCOME TAXABLE,MF,
NRK,CEF NRK NY Ins Tax Free Adv,Nuveen New York,Nuveen New York Fund,MUNST,FIXED INCOME MUNI,CEF,
NSCV,MF NWQ Sm Cap Val,NWQ Small-Cap Value,NWQ Small-Cap Value Fund,Value,EQUITY,MF,
NSGF,MF NAM Grow,Nuveen Growth,Nuveen Growth Fund,Growth,EQUITY,MF,
NSL,CEF NSL Senior Inc,Nuveen Senior Income,Nuveen Senior Income Fund,FL,FIXED INCOME TAXABLE,CEF,
NSMC,MF SAM Mid Cap Core,Symphony Mid-Cap Core,Symphony Mid-Cap Core Fund,Core,EQUITY,MF,
NSOA,MF SAM Lo Vol Eq,Symphony Low Volatility Equity,Symphony Low Volatility Equity Fund,Core,EQUITY,MF,
NTFM,MF NAM MA Muni,Nuveen Massachusetts Municipal Bond,Nuveen Massachusetts Municipal Bond Fund,Municipal - State,FIXED INCOME MUNI,MF,
NTWJ,MF NWQ Japan,NWQ Japan,NWQ Japan Fund,Global/International,EQUITY,MF,
NUW,CEF NUW AMT Free Muni Val,Nuveen AMT-Free Municipal Value,Nuveen AMT-Free Municipal Value Fund,MUNNAT,FIXED INCOME MUNI,CEF,
NVG,CEF NVG Enh AMT-Free Muni Cred Opps,Nuveen Enhanced AMT-Free Muni Credit Opps,Nuveen Enhanced AMT-Free Muni Credit Opps Fund,MUNNAT,FIXED INCOME MUNI,CEF,
NVX,CEF NVX CA Div Adv,Nuveen California Dividend Advantage,Nuveen California Dividend Advantage Fund,MUNST,FIXED INCOME MUNI,CEF,
NWLC,MF NWQ Lg Cap Val,NWQ Large Cap Value,NWQ Large Cap Value Fund,Value,EQUITY,MF,
NWQBAL,SMA NWQ Lg Cap Val Bal,NWQ Large Cap Value Balanced,NWQ Large Cap Value Balanced,Value,MULTIPLE,SMA,
NWQGBE,SMA NWQ Glb Eq,NWQ Global Equity,NWQ Global Equity,Global/International,EQUITY,SMA,
NWQINS,IMA NWQ Instl,NWQ Institutional,NWQ Institutional,Value,EQUITY,SMA,
NWQIV,SMA NWQ Intl Val,NWQ International Value,NWQ International Value,Global/International,EQUITY,SMA,
NWQLVD,SMA NWQ Lg Cap Val,NWQ Large Cap Value,NWQ Large Cap Value,Value,EQUITY,SMA,
NWQP,MF NWQ Flex Inc,NWQ Flexible Income,NWQ Flexible Income Fund,Taxable Fixed Income,FIXED INCOME TAXABLE,MF,
NWQSE,SMA NWQ Special Eq,NWQ Special Equity,NWQ Special Equity,Value,EQUITY,SMA,
NWQSMI,SMA NWQ SMID Cap Val,NWQ Traditional Small/Mid Cap Value,NWQ Traditional Small/Mid Cap Value,Value,EQUITY,SMA,
NWQSMV,SMA NWQ SMID Cap,NWQ Small/Mid Cap Value,NWQ Small/Mid Cap Value,Value,EQUITY,SMA,
NWQSV,SMA NWQ Sm Cap Val,NWQ Small Cap Value,NWQ Small Cap Value,Value,EQUITY,SMA,
NWSM,MF NWQ SMID Cap Val,NWQ Small/Mid-Cap Value,NWQ Small/Mid-Cap Value Fund,Value,EQUITY,MF,
NXJ,CEF NXJ NJ Div Adv,Nuveen New Jersey Dividend Advantage,Nuveen New Jersey Dividend Advantage Fund,MUNST,FIXED INCOME MUNI,CEF,
NYV,CEF NYV NY Muni 2,Nuveen New York Municipal Value 2,Nuveen New York Municipal Value Fund 2,MUNST,FIXED INCOME MUNI,CEF,
NZF,CEF NZF Enh Muni Cred Opps,Nuveen Enhanced Muni Credit Opps,Nuveen Enhanced Muni Credit Opps Fund,MUNNAT,FIXED INCOME MUNI,CEF,
NZH,CEF NZH CA Div Adv 3,Nuveen California Dividend Advantage Muni 3,Nuveen California Dividend Advantage Muni Fund 3,MUNST,FIXED INCOME MUNI,CEF,
Other,SMA NAM Other,Nuveen Other,Nuveen Other,Municipal - National,FIXED INCOME MUNI,SMA,
P101,SMA MDA Glb Lg Cap Eq,Nuveen MDA Global Large Cap Equity,Nuveen MDA Global Large Cap Equity,Asset Allocation,MULTIPLE,SMA,
AA,MF NAM All-American Muni,Nuveen All-American Municipal Bond,Nuveen All-American Municipal Bond Fund,Municipal - National,FIXED INCOME MUNI,MF,
BAMDVG,SMA SBAM Div Grow,Santa Barbara Dividend Growth,Santa Barbara Dividend Growth,Core,EQUITY,SMA,
BAMSGR,SMA NAM Stbl Grow,Nuveen Stable Growth,Nuveen Stable Growth,Growth,EQUITY,SMA,
NBD,CEF NBD Build America Opp,Nuveen Build America Bond Opportunity,Nuveen Build America Bond Opportunity Fund,MUNTAX,FIXED INCOME MUNI,CEF,
BCRD4,SMA MDA Mlt-Mgr 4B Tax w/ Corp,Nuveen MDA Multi Manager 4B Taxable w/ Corp Credit,Nuveen MDA Multi Manager 4B Taxable w/ Corp Credit,Asset Allocation,MULTIPLE,SMA,
BELL,SMA NAM Int Bell,Nuveen Intermediate Bell Style,Nuveen Intermediate Bell Style,Municipal - National,FIXED INCOME MUNI,SMA,
BINC,SMA NAM Tax Advtg Bal Inc,Nuveen Tax-Advantaged Balanced Income,Nuveen Tax-Advantaged Balanced Income,Municipal - National,FIXED INCOME MUNI,SMA,
BPW4,SMA MDA Mlt-Mgr 4B Tax,Nuveen MDA Multi Manager 4B Taxable,Nuveen MDA Multi Manager 4B Taxable,Asset Allocation,MULTIPLE,SMA,
CO,MF NAM CO Muni,Nuveen Colorado Municipal Bond,Nuveen Colorado Municipal Bond Fund,Municipal - State,FIXED INCOME MUNI,MF,
CT,MF NAM CT Muni,Nuveen Connecticut Municipal Bond,Nuveen Connecticut Municipal Bond Fund,Municipal - State,FIXED INCOME MUNI,MF,
ECDP6,SMA MDA Mlt-Firm CDP VI,Nuveen MDA Multi Firm CDP VI,Nuveen MDA Multi Firm CDP VI,Asset Allocation,MULTIPLE,SMA,
EPW5,SMA MDA Mlt-Mgr 5 Tax,Nuveen MDA Multi Manager 5 Taxable,Nuveen MDA Multi Manager 5 Taxable,Asset Allocation,MULTIPLE,SMA,
ESW3,SMA MDA Nuv Agg Port,Nuveen MDA Aggressive Portfolio,Nuveen MDA Aggressive Portfolio,Asset Allocation,MULTIPLE,SMA,
FIXED,SMA NAM Int TFI,Nuveen Intermediate Taxable Fixed Income,Nuveen Intermediate Taxable Fixed Income,Taxable Fixed Income,FIXED INCOME TAXABLE,SMA,
GA,MF NAM GA Muni,Nuveen Georgia Municipal Bond,Nuveen Georgia Municipal Bond Fund,Municipal - State,FIXED INCOME MUNI,MF,
HYLD,IMA NAM Hi Yld Instl,Nuveen High Yield Institutional,Nuveen High Yield Institutional,Municipal - National,FIXED INCOME MUNI,SMA,
INST,IMA NAM Non-Disc Instl,Nuveen Non Discretionary Institutional,Nuveen Non Discretionary Institutional,Municipal - National,FIXED INCOME MUNI,SMA,
JCE,CEF JCE Core Eq Alpha,Nuveen Core Equity Alpha,Nuveen Core Equity Alpha Fund,EQDOM,EQUITY,CEF,
JDD,CEF JDD Dvsfd Div & Inc,Nuveen Diversified Dividend & Income,Nuveen Diversified Dividend & Income Fund,MLT,EQUITY,CEF,
JFR,CEF JFR Fltg Rate Inc,Nuveen Floating Rate Income,Nuveen Floating Rate Income Fund,FL,FIXED INCOME TAXABLE,CEF,
JLS,CEF JLS Mortgage Opp Term,Nuveen Mortgage Opportunity Term,Nuveen Mortgage Opportunity Term Fund,MBS,FIXED INCOME TAXABLE,CEF,
JMT,CEF JMT Mortgage Opp Term 2,Nuveen Mortgage Opportunity Term 2,Nuveen Mortgage Opportunity Term Fund 2,MBS,FIXED INCOME TAXABLE,CEF,
JPC,CEF JPC Pref Inc Opps,Nuveen Preferred and Convertible Income,Nuveen Preferred and Convertible Income Fund,Preferred,FIXED INCOME TAXABLE,CEF,
JPS,CEF JPS Pref Sec Inc,Nuveen Preferred Securities Income,Nuveen Preferred Securities Income Fund,Preferred,FIXED INCOME TAXABLE,CEF,
JQC,CEF JQC Cred Strgys,Nuveen Credit Strategies,Nuveen Credit Strategies Fund,FL,FIXED INCOME TAXABLE,CEF,
JRO,CEF JRO Fltg Rate Inc Opp,Nuveen Floating Rate Inc Opportunity,Nuveen Floating Rate Inc Opportunity Fund,FL,FIXED INCOME TAXABLE,CEF,
JRS,CEF JRS Real Est Inc,Nuveen Real Estate Income,Nuveen Real Estate Income Fund,RA,EQUITY,CEF,
JTA,CEF JTA Tax-Adv Tot Rtn Strgy,Nuveen Tax-Advantaged Total Return Strategy,Nuveen Tax-Advantaged Total Return Strategy Fund,EQGL,EQUITY,CEF,
JTD,CEF JTD Tax Adv Div Grow,Nuveen Tax-Adv Dividend Growth,Nuveen Tax-Adv Dividend Growth Fund,EQDOM,EQUITY,CEF,
SBGP,MF NAM Eq Long/Short,Nuveen Equity Long/Short,Nuveen Equity Long/Short Fund,Alternative Strat,EQUITY,MF,
SBIE,MF NAM Intl Grow,Nuveen International Growth,Nuveen International Growth Fund,Global/International,EQUITY,MF,
SCOF,MF SAM Hi Yld Inc,Symphony High Yield Income Fund,Symphony High Yield Income Fund,Taxable Fixed Income,FIXED INCOME TAXABLE,MF,
SIEF,MF SAM Intl Eq,Symphony International Equity,Symphony International Equity Fund,Global/International,EQUITY,MF,
SLCG,MF SAM Lg Cap Grow,Symphony Large-Cap Growth,Symphony Large-Cap Growth Fund,Growth,EQUITY,MF,
SYMINT,SMA SAM Intl ADR,Symphony International ADR,Symphony International ADR,Global/International,EQUITY,SMA,
SYMMCC,SMA SAM Mid Cap Core,Symphony Mid Cap Core,Symphony Mid Cap Core,Core,EQUITY,SMA,
SYMSCC,SMA SAM Sm Cap Core,Symphony Small Cap Core,Symphony Small Cap Core,Core,EQUITY,SMA,
SYMSMC,SMA SAM SMID Cap Core,Symphony Small Mid Cap Core,Symphony Small Mid Cap Core,Core,EQUITY,SMA,
TCDP3,SMA MDA Mlt-Firm CDP III,Nuveen MDA Multi Firm CDP III,Nuveen MDA Multi Firm CDP III,Asset Allocation,MULTIPLE,SMA,
TCDP4,SMA MDA Mlt-Firm CDP IV,Nuveen MDA Multi Firm CDP IV,Nuveen MDA Multi Firm CDP IV,Asset Allocation,MULTIPLE,SMA,
TCDP5,SMA MDA Mlt-Firm CDP V,Nuveen MDA Multi Firm CDP V,Nuveen MDA Multi Firm CDP V,Asset Allocation,MULTIPLE,SMA,
TCRD3,SMA MDA Mlt-Mgr 3 Tax w/ Corp,Nuveen MDA Multi Manager 3 Taxable w/ Corp Credit,Nuveen MDA Multi Manager 3 Taxable w/ Corp Credit,Asset Allocation,MULTIPLE,SMA,
TCRD4,SMA MDA Mlt-Mgr 4A Tax w/ Corp,Nuveen MDA Multi Manager 4A Taxable w/ Corp Credit,Nuveen MDA Multi Manager 4A Taxable w/ Corp Credit,Asset Allocation,MULTIPLE,SMA,
TFICC,SMA NAM TFI Gov w/ Corp Cred,Nuveen Taxable Fixed Income - Govt w/ Corp Credit,Nuveen Taxable Fixed Income - Govt w/ Corp Credit,Taxable Fixed Income,FIXED INCOME TAXABLE,SMA,
TFIMG,SMA NAM Gov Only,Nuveen Taxable Intermediate Fixed Income (Govt),Nuveen Taxable Intermediate Fixed Income (Govt),Taxable Fixed Income,FIXED INCOME TAXABLE,SMA,
TINST,IMA NAM Txbl Instl,Nuveen Taxable Institutional,Nuveen Taxable Institutional,Taxable Fixed Income,FIXED INCOME TAXABLE,SMA,
TN,MF NAM TN Muni,Nuveen Tennessee Municipal Bond,Nuveen Tennessee Municipal Bond Fund,Municipal - State,FIXED INCOME MUNI,MF,
TPW3,SMA MDA Mlt-Mgr 3 Tax,Nuveen Multi Manager 3 Taxable,Nuveen MDA Multi Manager 3 Taxable,Asset Allocation,MULTIPLE,SMA,
TPW4,SMA MDA Mlt-Mgr 4A Tax,Nuveen MDA Multi Manager 4A Taxable,Nuveen MDA Multi Manager 4A Taxable,Asset Allocation,MULTIPLE,SMA,
TRDGLA,SMA NWQ Glb ADR,NWQ Global ADR,NWQ Global ADR,Global/International,EQUITY,SMA,
TRDMCO,SMA NWQ Mlt-Cap Opp,NWQ Multi Cap Opportunity,NWQ Multi Cap Opportunity,Value,EQUITY,SMA,
TWDINS,IMA NWQ Instl,NWQ Institutional,NWQ Institutional,Value,EQUITY,SMA,
CFD,CEF CFD Dvsfd Cmdty,Nuveen Diversified Commodity,Nuveen Diversified Commodity Fund,CMDTY,PHYSICAL COMMODITY,CEF,
BAMBAT,SMA NAM Stbl Grow Bal,Nuveen Stable Growth Balanced,Nuveen Stable Growth Balanced,Asset Allocation,MULTIPLE,SMA,
GTBL,SMA NAM GT Int Bell Muni,Nuveen Gradual Transition Intermediate Bell Muni,Nuveen Gradual Transition Intermediate Bell Muni,Municipal - National,FIXED INCOME MUNI,SMA,
GTMD,SMA NAM GT Int Muni,Nuveen Gradual Transition Intermediate Muni,Nuveen Gradual Transition Intermediate Muni,Municipal - National,FIXED INCOME MUNI,SMA,
GTMP,SMA NAM GT Ltd Muni,Nuveen Gradual Transition Limited Maturity Muni,Nuveen Gradual Transition Limited Maturity Muni,Municipal - National,FIXED INCOME MUNI,SMA,
SFRI,MF SAM Fltg Rate Inc,Symphony Floating Rate Income,Symphony Floating Rate Income Fund,Taxable Fixed Income,FIXED INCOME TAXABLE,MF,
JSD,CEF JSD Sh Dur Cred Opps,Nuveen Short Duration Credit Opportunities,Nuveen Short Duration Credit Opportunities Fund,FL,FIXED INCOME TAXABLE,CEF,
FNE,MF NAM NE Muni,Nuveen Nebraska Municipal Bond,Nuveen Nebraska Municipal Bond Fund,Municipal - State,FIXED INCOME MUNI,MF,
FORI,MF NAM OR Int Muni,Nuveen Oregon Intermediate Municipal Bond,Nuveen Oregon Intermediate Municipal Bond Fund,Municipal - State,FIXED INCOME MUNI,MF,
FRES,MF NAM Real Est Sec,Nuveen Real Estate Securities,Nuveen Real Estate Securities Fund,Real Assets,EQUITY,MF,
FSCGO,MF NAM Sm Cap Grow Opps,Nuveen Small Cap Growth Opportunities,Nuveen Small Cap Growth Opportunities Fund,Growth,EQUITY,MF,
FSCI,MF NAM Sm Cap Idx,Nuveen Small Cap Index,Nuveen Small Cap Index Fund,Index,EQUITY,MF,
FSCS,MF NAM Sm Cap Sel,Nuveen Small Cap Select,Nuveen Small Cap Select Fund,Core,EQUITY,MF,
FSCV,MF NAM Sm Cap Val,Nuveen Small Cap Value,Nuveen Small Cap Value Fund,Value,EQUITY,MF,
FSTF,MF NAM Short Term Muni,MF Short Term Municipal Bond,Nuveen Short Term Municipal Bond Fund,Municipal - National,FIXED INCOME MUNI,MF,
FTMO,MF NAM Tact Mkt Opps,Nuveen Tactical Market Opportunities,Nuveen Tactical Market Opportunities Fund,Alternative Strat,MULTIPLE,MF,
FTRB,MF NAM Strat Inc,Nuveen Strategic Income,Nuveen Strategic Income Fund,Taxable Fixed Income,FIXED INCOME TAXABLE,MF,
GTMC,SMA NAM GT Long Muni,Nuveen Gradual Transition Long-Term,Nuveen Gradual Transition Long-Term,Municipal - National,FIXED INCOME MUNI,SMA,
NWQCFI,SMA NWQ Core FI,NWQ Core Fixed Income,NWQ  Core Fixed Income,Taxable Fixed Income,FIXED INCOME TAXABLE,SMA,
NWQNRG,SMA NWQ Egy Crossover,NWQ Energy Crossover,NWQ Energy Crossover,Value,EQUITY,SMA,
UNIQR,SMA NAM Uniq Muni (Retail),Nuveen Unique Muni - Retail,Nuveen Unique Muni - Retail,Municipal - National,FIXED INCOME MUNI,SMA,
UNIQI,IMA NAM Uniq Muni (Instl),Nuveen Unique Municipal - Institutional,Nuveen Unique Municipal - Institutional,Municipal - National,FIXED INCOME MUNI,SMA,
JMF,CEF JMF Egy MLP Tot Rtn,Nuveen Energy MLP Total Return,Nuveen Energy MLP Total Return Fund,ENGYMLP,MULTIPLE,CEF,
NWQEQI,SMA NWQ Eq Inc,NWQ Equity Income,NWQ Equity Income,Asset Allocation,MULTIPLE,SMA,
TRDEM,SMA NWQ Emg Mkts,NWQ Emerging Markets,NWQ Emerging Markets,Global/International,EQUITY,SMA,
TRDG130,SMA NWQ Glb 130/30,NWQ Global 130/30,NWQ Global 130/30,Global/International,EQUITY,SMA,
TRDJEQ,SMA NWQ Japan Eq,NWQ Japan Equity,NWQ Japan Equity,Global/International,EQUITY,SMA,
CP0150,SMA NAM Copr Lad 1-5,Nuveen Corporate Ladder 1-5 Year Model,Nuveen Corporate Ladder 1-5 Year Model,Taxable Fixed Income,FIXED INCOME TAXABLE,SMA,
NGACUCIT,UCITS NWQ Glb All Cap,NWQ Global All-Cap,NWQ Global All Cap Fund,Global/International,EQUITY,UCITS,
JRI,CEF JRI Real Asset Inc and Grow,Nuveen Real Asset Income and Growth,Nuveen Real Asset Income and Growth Fund,RA,EQUITY,CEF,
TRDTMT,"SMA NWQ Tech, Media & Telecom","NWQ Technology, Media & Telecommunications","NWQ Technology, Media & Telecommunications",Value,EQUITY,SMA,
HIGH,SMA NAM Cstm Handling,Nuveen Custom Handling,Nuveen Custom Handling,Municipal - National,FIXED INCOME MUNI,SMA,
SBAMINS,IMA SBAM Instl,Santa Barbara Institutional,Santa Barbara Institutional,Growth,EQUITY,SMA,
LD10,SMA NAM Muni Lad 1-10Y,Nuveen Muni Laddered 1-10 yrs,Nuveen Muni Laddered 1-10 yrs,Municipal - National,FIXED INCOME MUNI,SMA,
XNXTGM,SMA NAM GT Int Cstm,Nuveen Custom Gradual Intermediate,Nuveen Gradual Transition MLAD Custom,Municipal - National,FIXED INCOME MUNI,SMA,
XNXTML,SMA NAM Int Cstm,Nuveen Custom Intermediate,Nuveen Custom Intermediate,Municipal - National,FIXED INCOME MUNI,SMA,
NRAI,MF NAM Real Asset Inc,Nuveen Real Asset Income,Nuveen Real Asset Income Fund,Real Assets,MULTIPLE,MF,
NGTR,MF NAM Glb Tot Rtn Bond,Nuveen Global Total Return Bond,Nuveen Global Total Return Bond Fund,Taxable Fixed Income,FIXED INCOME TAXABLE,MF,
POS7,SMA NAM Core FI Muni,Nuveen Muni Core Fixed Income,Nuveen Muni Core Fixed Income,Municipal - National,FIXED INCOME MUNI,SMA,
LD15,SMA NAM Muni Lad 1-15Y,Nuveen Muni Laddered 1-15 yrs,Nuveen Muni Laddered 1-15 yrs,Municipal - National,FIXED INCOME MUNI,SMA,
TGRFUCIT,UCITS NWQ Glb Res,NWQ Global Resources,NWQ Global Resources Fund,Global/International,EQUITY,UCITS,
NVOFUCIT,UCITS NWQ Val Opps,NWQ Value Opportunities,NWQ Value Opp Fund,Value,EQUITY,UCITS,
NGACESGUCIT,UCITS NWQ Glb All Cap ESG,NWQ Global All Cap ESG,NWQ Global All Cap ESG Fund,Global/International,EQUITY,UCITS,
NAMLCO,SMA NAM Lg Cap Grow Opp,Nuveen Large Cap Growth Opportunity,Nuveen Large Cap Growth Opportunity,Growth,EQUITY,SMA,
LD1025,SMA NAM Muni Lad 10-25 yrs,Nuveen Muni Laddered 10-25 yrs,Nuveen Muni Laddered 10-25 yrs,Municipal - National,FIXED INCOME MUNI,SMA,
GLSCS,MF GIM Long/Short Cmdty,Gresham Long/Short Commodity Strategy,Gresham Long/Short Commodity Strategy Fund,Alternative Strat,PHYSICAL COMMODITY,MF,
CSTMLAD,SMA NAM Cstm Muni Lad,Nuveen Customized Muni Ladder,Nuveen Customized Muni Ladder,Municipal - National,FIXED INCOME MUNI,SMA,
NWLCUCIT,UCITS NWQ Lg Cap Val,NWQ Large-Cap Value,NWQ Large Cap Value Fund,Value,EQUITY,UCITS,
NDGFUCIT,UCITS SBAM Glb Div Grow,Santa Barbara Global Dividend Growth,Santa Barbara Global Dividend Growth Fund,Global/International,EQUITY,UCITS,
GDCS,MF GIM Dvsfd Cmdty,Gresham Diversified Commodity Strategy,Gresham Diversified Commodity Strategy Fund,Real Assets,PHYSICAL COMMODITY,MF,
NSBGDG,MF SBAM Glb Div Grow,Santa Barbara Global Dividend Growth, Santa Barbara Global Dividend Growth Fund,Global/International,EQUITY,MF,
BAMGDGA,SMA NAM Glb Grow ADR,Nuveen Global Growth ADR,Nuveen Global Growth ADR,Global/International,EQUITY,SMA,
TFIGR,SMA NAM Invst Grade Corp,Nuveen Investment Grade Corporate,Nuveen Investment Grade Corporate,Taxable Fixed Income,FIXED INCOME TAXABLE,SMA,
BAM13030,SMA NAM Eq Long/Short,Nuveen Equity Long / Short,Nuveen Equity Long / Short,Growth,EQUITY,SMA,
BAMSGM,SMA NAM Stbl Grow Bal Muni,Nuveen Stable Gr Balanced Muni,Nuveen Stable Gr Balanced Muni,Municipal - National,FIXED INCOME MUNI,SMA,
NAMIRPC,SMA NAM Mgd Vol Port Cons,"Nuveen Managed Volatility Portfolio, Conservative","Nuveen Managed Volatility Portfolio, Conservative",Asset Allocation,MULTIPLE,SMA,
CTF,CEF CTF L/S Cmdty Tot Rtn,Nuveen Long/Short Commodity Total Return,Nuveen Long/Short Commodity Total Return Fund,CMDTY,PHYSICAL COMMODITY,CEF,
GDCSUCITS,UCITS GIM Dvsfd Cmdty,Gresham Diversified Com Strategy,Gresham Diversified Com Strategy Fund,Real Assets,PHYSICAL COMMODITY,UCITS,
NIQ,CEF NIQ Int Dur Qlty Muni,Nuveen Intermediate Duration Quality Municipal,Nuveen Intermediate Duration Quality Muni Term Fund,MUNNAT,FIXED INCOME MUNI,CEF,
NWQCON,SMA NWQ Glb Unconstr,NWQ Global Unconstrained,NWQ Global Unconstrained,Value,EQUITY,SMA,
FEI,MF NAM Div Val,Nuveen Dividend Value,Nuveen Dividend Value Fund,Value,EQUITY,MF,
FEIX,MF NAM Eq Idx,Nuveen Equity Index ,Nuveen Equity Index Fund,Index,EQUITY,MF,
FGI,MF NAM Glb Infra,Nuveen Global Infrastructure,Nuveen Global Infrastructure Fund,Real Assets,EQUITY,MF,
FHIB,MF NAM Hi Inc Bond,Nuveen High Income Bond,Nuveen High Income Bond Fund,Taxable Fixed Income,FIXED INCOME TAXABLE,MF,
FIGB,MF NAM Int Gov Bond,Nuveen Intermediate Government Bond,Nuveen Intermediate Government Bond Fund,Taxable Fixed Income,FIXED INCOME TAXABLE,MF,
FLCS,MF NAM Lg Cap Sel,Nuveen Large Cap Select,Nuveen Large Cap Select Fund,Core,EQUITY,MF,
FMCGO,MF NAM Mid Cap Grow Opps,Nuveen Mid Cap Growth Opportunities,Nuveen Mid Cap Growth Opportunities Fund,Growth,EQUITY,MF,
FMCI,MF NAM Mid Cap Idx,Nuveen Mid Cap Index,Nuveen Mid Cap Index Fund,Index,EQUITY,MF,
FMCV,MF NAM Mid Cap Val,Nuveen Mid Cap Value,Nuveen Mid Cap Value Fund,Value,EQUITY,MF,
FMN,MF NAM MN Muni,Nuveen Minnesota Municipal Bond,Nuveen Minnesota Municipal Bond Fund,Municipal - State,FIXED INCOME MUNI,MF,
FMNI,MF NAM MN Int Muni,Nuveen Minnesota Intermediate Municipal Bond,Nuveen Minnesota Intermediate Municipal Bond Fund,Municipal - State,FIXED INCOME MUNI,MF,
LD0515,SMA NAM Muni Lad 5-15Y,Nuveen Muni Laddered 5-15 yrs,Nuveen Muni Laddered 5-15 yrs,Municipal - National,FIXED INCOME MUNI,SMA,
NMY,CEF NMY MD Prem Inc Muni,Nuveen Maryland Premium Income Muni,Nuveen Maryland Premium Income Muni Fund,MUNST,FIXED INCOME MUNI,CEF,
NSBIDG,MF SBAM Intl Div Grow,Santa Barbara International Dividend Growth,Santa Barbara International Dividend Growth,Global/International,EQUITY,MF,
JPI,CEF JPI Pref and Inc Term,Nuveen Preferred and Income Term,Nuveen Preferred and Income Term,Preferred,FIXED INCOME TAXABLE,CEF,
BAMIDGA,SMA NAM Intl Grow ADR,Nuveen International Growth,Nuveen International Growth ADR,Global/International,EQUITY,SMA,
BAMINTLADR,SMA NAM Intl ADR Eq,Nuveen International ADR Equity,Nuveen International ADR Equity,Global/International,EQUITY,SMA,
GLSCSUCITS,UCITS GIM L/S Cmdty,Gresham Long/Short Com Strategy,Gresham Long/Short Com Strategy Fund,Real Assets,PHYSICAL COMMODITY,UCITS,
NID,CEF NID Int Dur Muni,Nuveen Intermediate Duration Municipal,Nuveen Intermediate Duration Municipal Term Fund,MUNNAT,FIXED INCOME MUNI,CEF,
NIMF,CEF NIMF Sel Mats Muni,Nuveen Select Maturities Municipal,Nuveen Select Maturities Municipal Fund,MUNNAT,FIXED INCOME MUNI,CEF,
NAZ,CEF NAZ AZ Prem Inc Muni,Arizona Premium Income Municipal,Nuveen Arizona Premium Income Municipal Fund,MUNST,FIXED INCOME MUNI,CEF,
NCA,CEF NCA CA Muni Val,Nuveen California Municipal Value,Nuveen California Municipal Value Fund,MUNST,FIXED INCOME MUNI,CEF,
NMI,CEF NMI Muni Inc,Nuveen Municipal Income,Nuveen Municipal Income Fund,MUNNAT,FIXED INCOME MUNI,CEF,
NNC,CEF NNC NC Prem Inc Muni,Nuveen North Carolina Premium Income Muni,Nuveen North Carolina Premium Income Muni Fund,MUNST,FIXED INCOME MUNI,CEF,
COLDSI,SMA NAM Strat Muni Inc (CS),Nuveen Strategic Municipal Income (Coldstream),Nuveen Strategic Municipal Income (Coldstream),Municipal - National,FIXED INCOME MUNI,SMA,
NMT,CEF NMT MA Prem Inc Muni,Nuveen Massachusetts Premium Income Muni,Nuveen Massachusetts Premium Income Muni Fund,MUNST,FIXED INCOME MUNI,CEF,
NNY,CEF NNY NY Muni Val,Nuveen New York Muni Value,Nuveen New York Muni Value Fund,MUNST,FIXED INCOME MUNI,CEF,
NOM,CEF NOM MO Prem Inc Muni,Nuveen Missouri Premium Income Muni,Nuveen Missouri Premium Income Muni Fund,MUNST,FIXED INCOME MUNI,CEF,
NQP,CEF NQP PA Invest Qlty Muni,Nuveen Pennsylvania Investment Quality Muni,Nuveen Pennsylvania Investment Quality Muni Fund,MUNST,FIXED INCOME MUNI,CEF,
NTC,CEF NTC CT Prem Inc Muni,Nuveen Connecticut Premium Income Muni,Nuveen Connecticut Premium Income Municipal Fund,MUNST,FIXED INCOME MUNI,CEF,
NUM,CEF NUM MI Qlty Inc Muni,Nuveen Michigan Quality Income Muni,Nuveen Michigan Quality Income Muni Fund,MUNST,FIXED INCOME MUNI,CEF,
NUO,CEF NUO OH Qlty Inc Muni,Nuveen Ohio Quality Income Muni,Nuveen Ohio Quality Income Muni Fund,MUNST,FIXED INCOME MUNI,CEF,
NXC,CEF NXC CA Sel Tax Free Inc,Nuveen California Select Tax-Free Income,Nuveen California Select Tax-Free Income Portfolio,MUNST,FIXED INCOME MUNI,CEF,
NXN,CEF NXN NY Sel Tax Free Inc,Nuveen New York Select Tax-Free Income,Nuveen New York Select Tax-Free Income Portfolio,MUNST,FIXED INCOME MUNI,CEF,
NXP,CEF NXP Sel Tax Free Inc,Nuveen Select Tax-Free Income,Nuveen Select Tax-Free Income Portfolio,MUNNAT,FIXED INCOME MUNI,CEF,
NAMSCV,SMA NAM Sm Cap Val,Nuveen Small Cap Value,Nuveen Small Cap Value,Value,EQUITY,SMA,
NPV,CEF NPV VA Prem Inc Muni,Nuveen Virginia Premium Income Muni,Nuveen Virginia Premium Income Muni Fund,MUNST,FIXED INCOME MUNI,CEF,
NTX,CEF NTX TX Qlty Inc Muni,Nuveen Texas Quality Income Muni,Nuveen Texas Quality Income Muni Fund,MUNST,FIXED INCOME MUNI,CEF,
NUV,CEF NUV Muni Val,Nuveen Municipal Value,Nuveen Municipal Value Fund,MUNNAT,FIXED INCOME MUNI,CEF,
NXQ,CEF NXQ Sel Tax Free Inc 2,Nuveen Select Tax-Free Income 2,Nuveen Select Tax-Free Income Portfolio 2,MUNNAT,FIXED INCOME MUNI,CEF,
NXR,CEF NXR Sel Tax Free Inc 3,Nuveen Select Tax-Free Income 3,Nuveen Select Tax-Free Income Portfolio 3,MUNNAT,FIXED INCOME MUNI,CEF,
QQQX,CEF QQQX NASDAQ 100 Dyn Over,Nuveen NASDAQ 100 Dynamic Overwrite,Nuveen NASDAQ 100 Dynamic Overwrite Fund,EQDOM,EQUITY,CEF,
NSDHY,MF NAM Sh Dur Hi Yld Muni,Nuveen Short Duration High Yield Muni,Nuveen Short Duration High Yield Municipal Bond Fd,Municipal - National,FIXED INCOME MUNI,MF,
SHYB,MF SAM Hi Yld Bond,Symphony High Yield Bond,Symphony High Yield Bond Fund,Taxable Fixed Income,FIXED INCOME TAXABLE,MF,
NAMMGO,SMA NAM Mid Cap Opp,Nuveen Mid Cap Opportunities,Nuveen Mid Cap Opportunities,Growth,EQUITY,SMA,
NAMDVV,SMA NAM Div Val,Nuveen Dividend Value,Nuveen Dividend Value,Value,EQUITY,SMA,
NEMN,MF NAM Eq Mkt Neutral,Nuveen Equity Market Neutral,Nuveen Equity Market Neutral Fund,Alternative Strat,EQUITY,MF,
UGHIF,UCITS Glb Hi Inc,Nuveen Global High Income,Nuveen Global High Income Fund,Global/International,EQUITY,UCITS,
NLCP,MF NAM Lg Cap Core Plus,Nuveen Large Cap Core Plus,Nuveen Large Cap Core Plus Fund,Core,EQUITY,MF,
PUNIQ,SMA NAM Uniq Muni,Nuveen Unique Muni,Nuveen Unique Muni,Municipal - National,FIXED INCOME MUNI,SMA,
NWQPUCIT,UCITS NWQ Flex Inc,NWQ Flexible Income,NWQ Flexible Income Fund,Taxable Fixed Income,FIXED INCOME TAXABLE,UCITS,
JMLP,CEF JMLP All Cap Egy MLP Opp,Nuveen All Cap Energy MLP Opportunities,Nuveen All Cap Energy MLP Opportunities Fund,ENGYMLP,MULTIPLE,CEF,
NSSCC,MF SAM Sm Cap Core,Symphony Small Cap Core,Symphony Small Cap Core Fund,Core,EQUITY,MF,
NWQFI,SMA NWQ Flex Inc,NWQ Flexible Income,NWQ Flexible Income,Taxable Fixed Income,FIXED INCOME TAXABLE,SMA,
UNIQL,SMA NAM Uniq Muni Lad,Nuveen Unique Muni - Laddered,Nuveen Unique Muni - Laddered,Municipal - National,FIXED INCOME MUNI,SMA,
GT07,SMA NAM GT Lad 1-7Y,Nuveen Gradual Transition Laddered 1-7 yrs,Nuveen Gradual Transition Laddered 1-7 yrs,Municipal - National,FIXED INCOME MUNI,SMA,
GT15,SMA NAM GT Lad 1-15Y,Nuveen Gradual Transition Laddered 1-15 yrs,Nuveen Gradual Transition Laddered 1-15 yrs,Municipal - National,FIXED INCOME MUNI,SMA,
GT1025,SMA NAM GT Lad 10-25Y,Nuveen Gradual Transition Laddered 10-25 yrs,Nuveen Gradual Transition Laddered 10-25 yrs,Municipal - National,FIXED INCOME MUNI,SMA,
ICAPHQS,UIT ICAP Hi Qlty Sel,InCapital High Quality Select Portfolio,InCapital High Quality Select Portfolio,Growth/Income,EQUITY,UIT,
LSCUCIT,UCITS SAM L/S Cred,Symphony Long-Short Credit,Symphony Long-Short Credit Fund,Global/International,EQUITY,UCITS,
PUNIQ1,SMA NAM Uniq Muni (St IPS),Nuveen Unique Muni - Standard IPS,Nuveen Unique Muni - Standard IPS,Municipal - National,FIXED INCOME MUNI,SMA,
ICAPBRA,UIT ICAP Bal Risk Alloc,InCapital Balanced Risk Allocation Portfolio,InCapital Balanced Risk Allocation Portfolio,Growth/Income,EQUITY,UIT,
IMAAAQ,IMA NAM Asset Alloc/Quant,Nuveen Asset Allocation/Quant,Nuveen Asset Allocation/Quant,Asset Allocation,MULTIPLE,SMA,
IMAEQ,IMA NAM Eq,Nuveen Equity,Nuveen Equity,Growth,EQUITY,SMA,
IMAEQSA,IMA NAM Eq (Ext Sub),Nuveen Equity - Ext Sub,Nuveen Equity - Ext Sub,Growth,EQUITY,SMA,
IMAFI,IMA NAM FI,Nuveen Fixed Income,Nuveen Fixed Income,Taxable Fixed Income,FIXED INCOME TAXABLE,SMA,
IMAFISA,IMA NAM FI (Ext Sub),Nuveen Fixed Income - Ext Sub,Nuveen Fixed Income - Ext Sub,Taxable Fixed Income,FIXED INCOME TAXABLE,SMA,
NSLSC,MF SAM Dyn Cred,Symphony Dynamic Credit,Symphony Dynamic Credit Fund,Alternative Strat,FIXED INCOME TAXABLE,MF,
SMAAAQ,SMA NAM AA/Quant,Nuveen AA/Quant,Nuveen AA/Quant,Asset Allocation,MULTIPLE,SMA,
SMAEQ,SMA NAM Eq,Nuveen Equity,Nuveen Equity,Growth,EQUITY,SMA,
SMAFI,SMA NAM Fixed Inc,Nuveen Fixed Income,Nuveen Fixed Income,Taxable Fixed Income,FIXED INCOME TAXABLE,SMA,
SMATEM,SMA NAM Tax Ex,Nuveen Tax Exempt (Muni),Nuveen Tax Exempt (Muni),Municipal - National,FIXED INCOME MUNI,SMA,
GEFUCITS,UCITS NWQ Glb Eq,NWQ Global Equity,NWQ Global Equity Fund,Global/International,EQUITY,UCITS,
NMS,CEF NMS MN Muni Inc,Nuveen Minnesota Muni Income,Nuveen Minnesota Muni Income Fund,MUNST,FIXED INCOME MUNI,CEF,
NSMO,MF NAM Strat Muni Opps,Nuveen Strategic Municipal Opportunities,Nuveen Strategic Municipal Opportunities Fund,Municipal - National,FIXED INCOME MUNI,MF,
NAMEOM,UIT NAM Eq Outlook MidYr,Nuveen Equity Outlook Mid-Year Portfolio,Nuveen Equity Outlook Mid-Year Portfolio,Growth,EQUITY,UIT,
ULCCF,UCITS Lg Cap Core,Nuveen Large-Cap Core,Nuveen Large-Cap Core Fund,Core,EQUITY,UCITS,
BXMX,CEF BXMX S&P 500 Buy-Write Inc,Nuveen S&P 500 Buy-Write Income,Nuveen S&P 500 Buy-Write Income Fund,EQDOM,EQUITY,CEF,
TBF,MF TIAA Core Bond,TIAA Core Bond,TIAA Core Bond Fund,Taxable Fixed Income,FIXED INCOME TAXABLE,MF,
TBIF,MF TIAA Bond Idx,TIAA Bond Index,TIAA Bond Index Fund,Index,FIXED INCOME TAXABLE,MF,
TBPF,MF TIAA Core Plus Bond,TIAA Core Plus Bond ,TIAA Core Plus Bond Fund,Taxable Fixed Income,FIXED INCOME TAXABLE,MF,
TEMEIF,MF TIAA Emg Mkts Eq Idx,TIAA Emerging Markets Equity Index,TIAA Emerging Markets Equity Index Fund,Index,EQUITY,MF,
TEIEIF,MF TIAA Quant Intl Eq,TIAA Quant International Equity,TIAA Quant International Equity Fund,Index,EQUITY,MF,
TELCGIF,MF TIAA Quant Lg Cap Grow,TIAA Quant Large Cap Growth,TIAA Quant Large Cap Growth Fund,Index,EQUITY,MF,
TELCVIF,MF TIAA Quant Lg Cap Val,TIAA Quant Large Cap Value,TIAA Quant Large Cap Value Fund,Index,EQUITY,MF,
TGNR,MF TIAA Glb Nat Res,TIAA Global Natural Resource,TIAA Global Natural Resource,Real Assets,EQUITY,MF,
NWQGAC,SMA NWQ Gl All-Cap,NWQ Global All-Cap,NWQ Global All-Cap,Global/International,EQUITY,SMA,
SCVUCITS,UCITS NWQ Sm Cap Val,NWQ Small-Cap Value,NWQ Small-Cap Value Fund,Value,EQUITY,UCITS,
NMAT,MF NIA Mlt-Asset Inc Tax-Aware,Nuveen Multi-Asset Income Tax-Aware Fund,Nuveen Multi-Asset Income Tax-Aware Fund,Asset Allocation,MULTIPLE,MF,
TEMDF,MF TIAA Emg Mkts Debt,TIAA Emerging Markets Debt,TIAA Emerging Markets Debt Fund,Taxable Fixed Income,FIXED INCOME TAXABLE,MF,
THYF,MF TIAA Hi Yld,TIAA High Yield,TIAA High Yield Fund,Taxable Fixed Income,FIXED INCOME TAXABLE,MF,
TIOF,MF TIAA Intl Opps,TIAA International Opportunities,TIAA International Opportunities Fund,Global/International,EQUITY,MF,
TLCGIF,MF TIAA Lg Cap Grow Idx,TIAA Large-Cap Growth Index,TIAA Large-Cap Growth Index Fund,Index,EQUITY,MF,
TLCVIF,MF TIAA Lg Cap Val Idx,TIAA Large-Cap Value Index,TIAA Large-Cap Value Index Fund,Index,EQUITY,MF,
TL2030,MF TIAA LfCy 2030,TIAA Lifecycle 2030,TIAA Lifecycle 2030 Fund,TD,TARGET,MF,
TL2040,MF TIAA LfCy 2040,TIAA Lifecycle 2040,TIAA Lifecycle 2040 Fund,TD,TARGET,MF,
TL2045,MF TIAA LfCy 2045,TIAA Lifecycle 2045,TIAA Lifecycle 2045 Fund,TD,TARGET,MF,
TL2050,MF TIAA LfCy 2050,TIAA Lifecycle 2050,TIAA Lifecycle 2050 Fund,TD,TARGET,MF,
TL2055,MF TIAA LfCy 2055,TIAA Lifecycle 2055,TIAA Lifecycle 2055 Fund,TD,TARGET,MF,
TLI2010,MF TIAA LfCy Idx 2010,TIAA Lifecycle Index 2010,TIAA Lifecycle Index 2010 Fund,TD,TARGET,MF,
TLI2050,MF TIAA LfCy Idx 2050,TIAA Lifecycle Index 2050,TIAA Lifecycle Index 2050 Fund,TD,TARGET,MF,
TLI2060,MF TIAA LfCy Idx 2060,TIAA Lifecycle Index 2060,TIAA Lifecycle Index 2060 Fund,TD,TARGET,MF,
TMCGF,MF TIAA Mid Cap Grow,TIAA Mid-Cap Growth,TIAA Mid-Cap Growth Fund,Growth,EQUITY,MF,
TMCVF,MF TIAA Mid Cap Val,TIAA Mid-Cap Value,TIAA Mid-Cap Value Fund,Value,EQUITY,MF,
TSPIF,MF TIAA S&P 500 Idx,TIAA S&P 500 Index,TIAA S&P 500 Index Fund,Index,EQUITY,MF,
TSCBIF,MF TIAA Sm Cap Blend Idx,TIAA Small-Cap Blend Index,TIAA Small-Cap Blend Index Fund,Index,EQUITY,MF,
TSCE,MF TIAA Quant Sm Cap Eq,TIAA Quant Small-Cap Equity,TIAA Quant Small-Cap Equity Fund,Core,EQUITY,MF,
TSCBF,MF TIAA Core Imp Bond,TIAA Core Impact Bond,TIAA Core Impact Bond Fund,SRI,FIXED INCOME TAXABLE,MF,
TSCEF,MF TIAA Soc Ch Eq,TIAA Social Choice Equity Fund,TIAA Social Choice Equity Fund,SRI,EQUITY,MF,
TTEBF,MF TIAA-CREF 5-15 Yr Lad Tax Ex Bond,TIAA-CREF 5-15 Year Laddered Tax-Exempt Bond Fund,TIAA-CREF 5-15 Year Laddered Tax-Exempt Bond Fund,Municipal - National,FIXED INCOME MUNI,MF,
STRSSC,SMA NAM Sm Cap,Nuveen Small Cap,Nuveen Small Cap,Value,EQUITY,SMA,
COLDMP,SMA NAM Ltd Mat Muni (CS),Nuveen Limited Maturity Municipal (Coldstream),Nuveen Limited Maturity Municipal (Coldstream),Municipal - National,FIXED INCOME MUNI,SMA,
JMM,CEF JMM Mlt-Mkt Inc,Nuveen Multi-Market Income,Nuveen Multi-Market Income Fund,MBS,FIXED INCOME MUNI,CEF,
DIAX,CEF DIAX Dow 30 Dyn Overwrite,Nuveen Dow 30 Dynamic Overwrite,Nuveen Dow 30 Dynamic Overwrite Fund,EQDOM,EQUITY,CEF,
TEIF,MF TIAA Eq Idx,TIAA Equity Index,TIAA Equity Index Fund,Index,EQUITY,MF,
TL2010,MF TIAA LfCy 2010,TIAA Lifecycle 2010,TIAA Lifecycle 2010 Fund,TD,TARGET,MF,
TL2015,MF TIAA LfCy 2015,TIAA Lifecycle 2015,TIAA Lifecycle 2015 Fund,TD,TARGET,MF,
TLI2025,MF TIAA LfCy Idx 2025,TIAA Lifecycle Index 2025,TIAA Lifecycle Index 2025 Fund,TD,TARGET,MF,
TLGF,MF TIAA LfSt Grow,TIAA Lifestyle Growth,TIAA Lifestyle Growth Fund,Asset Allocation,MULTIPLE,MF,
TSTBF,MF TIAA Short Term Bond,TIAA Short Term Bond,TIAA Short Term Bond Fund,Taxable Fixed Income,FIXED INCOME TAXABLE,MF,
XGTNTR,SMA NAM GT Tot Rtn,Nuveen Gradual Transition Total Return Fund,Nuveen Gradual Transition Total Return,Municipal - National,FIXED INCOME MUNI,SMA,
BAMEMDG,SMA SBAM Emg Mkt Div Grow,Santa Barbara Emerging Market Dividend Growth,Santa Barbara Emerging Market Dividend Growth,Growth,EQUITY,SMA,
BAMGDV,SMA SBAM Glb Div Grow,Santa Barbara Global Dividend Growth,Santa Barbara Global Dividend Growth,Global/International,EQUITY,SMA,
EJMLAD,SMA NAM Int Term HQ Muni (EJ),Nuveen Intermediate HQ Muni Ed Jones,Nuveen Intermediate HQ Muni Ed Jones,Municipal - National,FIXED INCOME MUNI,SMA,
GTEJMD,SMA NAM GT Int HQ Muni (EJ),Nuveen GT Intermediate HQ Muni Ed Jones,Nuveen GT Intermediate HQ Muni Ed Jones,Municipal - National,FIXED INCOME MUNI,SMA,
IMAVLCG,IMA WIN Mgd Vol Lg Cap Grow,Winslow Managed Volatility Large Cap Growth Fund,Winslow Managed Volatility Large Cap Growth Fund,Growth,EQUITY,SMA,
NAMLCG,SMA NAM Lg Cap Grow,Nuveen Large Cap Growth,Nuveen Large Cap Growth,Growth,EQUITY,SMA,
STRSDS,SMA NAM Global Div,Nuveen Global Dividend,Nuveen Global Dividend,Global/International,EQUITY,SMA,
WF15AM,SMA NAM Tax Ex Port 15Y Act,"Nuveen Tax-Exempt Portfolio 15 Year, Active Mgmt","Nuveen Tax-Exempt Portfolio 15 Year, Active Mgmt",Municipal - National,FIXED INCOME MUNI,SMA,
WF30LD,SMA NAM Tax Ex Port 30Y Lad,"Nuveen Tax-Exempt Portfolio 30 Year, Laddered","Nuveen Tax-Exempt Portfolio 30 Year, Laddered",Municipal - National,FIXED INCOME MUNI,SMA,
JHY,CEF JHY Hi Inc 2020,Nuveen High Income 2020 Target Term,Nuveen High Income 2020 Target Term Fund,TFI,FIXED INCOME TAXABLE,CEF,
XMAP2,SMA NAM Muni Tot Rtn 80%,Municipal Total Return (80% Intermediate HQ; 20% Fund),Municipal Total Return (80% Intermediate HQ; 20% Fund),Municipal - National,FIXED INCOME MUNI,SMA,
PR10,SMA NAM Muni Lad 1-10Y (RP),Nuveen Municipal Laddered 1-10 Year,Nuveen Municipal Laddered 1-10 Year,Municipal - National,FIXED INCOME MUNI,SMA,
XNXTIN,IMA NAM Inst Cstm,Nuveen Custom Institutional,Nuveen Custom Institutional,Municipal - National,FIXED INCOME MUNI,SMA,
NTWJUCIT,UCITS NWQ Japan,NWQ Japan,NWQ Japan Equity Fund,Global/International,EQUITY,UCITS,
NTEMUCIT,UCITS NWQ Emg Mkts,NWQ  Emerging Markets,NWQ Emerging Markets Fund,Global/International,EQUITY,UCITS,
WLCGUCIT,UCITS WIN Soc Aware Lg Cap Grow,Winslow Socially Aware Large-Cap Growth,Winslow Socially Aware Large Cap Growth Fund,Growth,EQUITY,UCITS,
FGIUCIT,UCITS Glb Infra,Nuveen Global Infrastructure,Nuveen Global Infrastructure Fund,Global/International,EQUITY,UCITS,
NWLCESGUCIT,UCITS NWQ Lg Cap Val ESG,NWQ Large Cap Value ESG,NWQ Large Cap Value ESG Fund,Value,EQUITY,UCITS,
ICAPAMI,UIT NAM Argus Modern Innov,Nuveen Argus Modern Innovators,Nuveen Argus Modern Innovators,Growth/Income,EQUITY,UIT,
LD07,SMA NAM Muni Lad 1-7Y,Nuveen Muni Laddered 1-7 yrs,Nuveen Muni Laddered 1-7 yrs,Municipal - National,FIXED INCOME MUNI,SMA,
TM7030,SMA NAM Cstm Txbl FI 70/30,Nuveen Custom Taxable Fixed Income 70/30,Nuveen Custom Taxable Fixed Income 70/30,Municipal - National,FIXED INCOME TAXABLE,SMA,
TSCIEF,MF TIAA Soc Ch Intl Eq,TIAA Social Choice International Equity,TIAA Social Choice International Equity Fund,SRI,EQUITY,MF,
TSCLCEF,MF TIAA Soc Ch Low Carb Eq,TIAA Social Choice Low Carbon Equity,TIAA Social Choice Low Carbon Equity Fund,SRI,EQUITY,MF,
TSTBIF,MF TIAA Short Term Bond Idx,TIAA Short-Term Bond Index,TIAA Short-Term Bond Index Fund,Index,FIXED INCOME TAXABLE,MF,
TRDSMP,SMA NWQ Sector Mid Cap,NWQ Sector Midcap,NWQ Sector Midcap,Core,EQUITY,SMA,
TRDSSL,SMA NWQ Sector Plus Focused,NWQ Sector Plus Focused,NWQ Sector Plus Focused,Quant/Enhanced,EQUITY,SMA,
NAMLCC,SMA NAM Lg Cap Core,Nuveen Large Cap Core,Nuveen Large Cap Core,Core,EQUITY,SMA,
NAMIGCO,SMA NAM Invst Grade Corp Opp,Nuveen Investment Grade Corporate Opportunity,Nuveen Investment Grade Corporate Opportunity,Taxable Fixed Income,FIXED INCOME TAXABLE,SMA,
NAMCUSTM,SMA NAM Cstm FI Muni Solutions,Nuveen Custom Fixed Income Muni Solutions,Nuveen Custom Fixed Income Muni Solutions,Municipal - National,FIXED INCOME MUNI,SMA,
NIGCO,SMA NAM Int Gov/Cred Opp,Nuveen Intermediate Government/Credit Opportunity,Nuveen Intermediate Government/Credit Opportunity,Taxable Fixed Income,FIXED INCOME TAXABLE,SMA,
GTIUCITS,UCITS GIM TAP Idx,Gresham TAP Index Fund,Gresham TAP Index Fund,Index,EQUITY,UCITS,
NWQGEI,SMA NWQ Gl Eq Inc ADR,NWQ Global Equity Income ADR,NWQ Global Equity Income ADR,Global/International,EQUITY,SMA,
TWGLSE,SMA NWQ Glb Sel Eq ADR,NWQ Global Select Equity ADR,NWQ Global Select Equity ADR,Global/International,EQUITY,SMA,
BAMSDG,SMA SBAM Sel Div Grow,Santa Barbara Select Dividend Growth,Santa Barbara Select Dividend Growth,Core,EQUITY,SMA,
WMVE,MF WIN Mgd Vol Eq,Winslow Managed Volatility Equity,Winslow Managed Volatility Equity Fund,Growth,EQUITY,MF,
TAMMCV,SMA TIAA Low Carbon Val Eq ESG,TIAA Low Carbon Value Equity ESG Model,TIAA Low Carbon Value Equity ESG Model,Value,EQUITY,SMA,
TFICORE,SMA NAM TFI Core,Nuveen Taxable Fixed Income Core,Nuveen Taxable Fixed Income Core,Taxable Fixed Income,FIXED INCOME TAXABLE,SMA,
EMDUCITS,UCITS TIAA Emg Mkts Debt,TIAA Emerging Markets Debt,TIAA Emerging Markets Debt Fund,Global/International,EQUITY,UCITS,
USBUCITS,UCITS TIAA US Bond ESG,TIAA US Bond ESG,TIAA US Bond ESG Fund,SRI,FIXED INCOME TAXABLE,UCITS,
RAIUCITS,UCITS Real Asset Inc,Nuveen Real Asset Income,Nuveen Real Asset Income Fund,Global/International,EQUITY,UCITS,
MUNILAD,SMA NAM Lad Muni,Nuveen Ladder Muni,Nuveen Ladder Muni Fund,Municipal - National,FIXED INCOME MUNI,SMA,
LADTXC,SMA NAM Lad Txbl Corp,Nuveen Ladder Taxable - Corp,Nuveen Ladder Taxable Fund - Corp,Taxable Fixed Income,FIXED INCOME TAXABLE,SMA,
JHB,CEF JHB Hi Inc Nov 2021,Nuveen High Income November 2021 Target Term,Nuveen High Income November 2021 Target Term,TFI,FIXED INCOME TAXABLE,CEF,
STRDIE,SMA NAM Intl Eq (ADR),Nuveen International Equity (ADR),Nuveen International Equity (ADR),Global/International,EQUITY,SMA,
NUAG,ETF NUAG Enh Yld US Agg Bond,NuShares Enhanced Yield Aggregate Bond ETF,NuShares Enhanced Yield Aggregate Bond ETF,Taxable Fixed Income,FIXED INCOME TAXABLE,ETF,
COLDXR,SMA NAM Ltd Mat Inc Opp,Nuveen Limited Maturity Income Opportunity,Nuveen Limited Maturity Income Opportunity,Growth/Income,FIXED INCOME TAXABLE,SMA,
STRSIE,SMA NAM Intl Eq (ADR),Nuveen International Equity (ADR),Nuveen International Equity (ADR),Global/International,EQUITY,SMA,
NAMCCF,SMA NAM Conc Core,Nuveen Concentrated Core,Nuveen Concentrated Core,Core,EQUITY,SMA,
CP0515,SMA NAM Corp Lad 5-15Y,Nuveen Corporate Ladder 5-15 Year Model,Nuveen Corporate Ladder 5-15 Year Model,Taxable Fixed Income,FIXED INCOME TAXABLE,SMA,
TIBF,MF TIAA Int Bond,TIAA International Bond Fund,TIAA International Bond Fund,Global/International,EQUITY,MF,
JPT,CEF JPT Pref and Inc 2022,Nuveen Preferred and Income 2022 Term,Nuveen Preferred and Income 2022 Term Fund,Preferred,FIXED INCOME TAXABLE,CEF,
SBADR,NAM UMA Intl Conc ADR,Nuveen International Concentrated ADR,Nuveen International Concentrated ADR,Global/International,EQUITY,SMA,
STRSMP,SMA NAM SMID Cap,Nuveen Small/Mid Cap,Nuveen Small/Mid Cap,Value,EQUITY,SMA,
TF10,SMA NAM Gov Lad 1-10Y,Nuveen Government Ladder 1-10 Year Model,Nuveen Government Ladder 1-10 Year Model,Taxable Fixed Income,FIXED INCOME TAXABLE,SMA,
TF15,SMA NAM Gov Lad 1-15Y,Nuveen Government Ladder 1-15 Year Model,Nuveen Government Ladder 1-15 Year Model,Taxable Fixed Income,FIXED INCOME TAXABLE,SMA,
TF1015,SMA NAM Gov Lad 10-15Y,Nuveen Government Ladder 10-15 Year Model,Nuveen Government Ladder 10-15 Year Model,Taxable Fixed Income,FIXED INCOME TAXABLE,SMA,
CP0510,SMA NAM Corp Lad 5-10Y,Nuveen Corporate Ladder 5-10 Year Model,Nuveen Corporate Ladder 5-10 Year Model,Taxable Fixed Income,FIXED INCOME TAXABLE,SMA,
NUMV,ETF NUMV ESG Mid Cap Val,Nuveen ESG Mid-Cap Value,Nuveen ESG Mid-Cap Value,Value,MULTIPLE,ETF,
PR1025,SMA NAM Muni Lad 10-25Y (RP),Nuveen Municipal Laddered 10-25 Year,Nuveen Municipal Laddered 10-25 Year,Municipal - National,FIXED INCOME MUNI,SMA,
SYMLVE,SMA SAM Lo Vol Eq,Symphony Low Volatility Equity,Symphony Low Volatility Equity,Core,EQUITY,SMA,
BAMINT,NAM UMA Eq Intl,Nuveen Equity International,Nuveen Equity International,Global/International,EQUITY,SMA,
HYDMOD,NAM Mod Intel Risk,Nuveen Moderate Intelligent Risk,Nuveen Moderate Intelligent Risk,Asset Allocation,MULTIPLE,SMA,
STRRBA,NAM NAM Sector Risk-Based Alloc,Nuveen Sector Risk-Based Allocation,Nuveen Sector Risk-Based Allocation,Asset Allocation,MULTIPLE,SMA,
NWQILV,SMA NWQ Intl Eq,NWQ International Equity,NWQ International Equity,Global/International,EQUITY,SMA,
JCO,CEF JCO Cred Opps 2022,Symphony Credit Opportunities 2022 Target Term,Symphony Credit Opportunities 2022 Target Term,TFI,FIXED INCOME TAXABLE,CEF,
NAMSEL,SMA NAM Pref Sec Sel,Nuveen Preferred Securities Select,Nuveen Preferred Securities Select,Taxable Fixed Income,FIXED INCOME TAXABLE,SMA,
XGTR30,SMA NAM GT Tot Rtn 70/30,Nuveen Gradual Transition Total Return 70/30,Nuveen Gradual Transition Total Return 70/30,Municipal - National,FIXED INCOME MUNI,SMA,
NAMFCFA,UIT NAM Fr Cash Flow Advtg Sm Cap,Nuveen Free Cash Flow Advantage Small-Cap,Nuveen Free Cash Flow Advantage Small-Cap,Growth/Income,EQUITY,UIT,
NWAIX,MF WIN Intl Sm Cap,Winslow International Small Cap Fund,Winslow International Small Cap Fund,Global/International,EQUITY,MF,
NUDM,ETF NUDM ESG Intl Dev Mkts Eq,NuShares ESG International Developed Markets Equity ETF,NuShares ESG International Developed Markets Equity ETF,Global/International,EQUITY,ETF,
TISCEF,MF TIAA Quant Intl Sm Cap Eq,TIAA Quant  International Small Cap Equity,TIAA Quant International Small Cap Equity Fund,Global/International,EQUITY,MF,
CFITMN,SMA NAM Cstm FI Dyn Tax-Aware,Nuveen Custom Fixed Income Dynamic Tax-Aware,Nuveen Custom Fixed Income Dynamic Tax-Aware,Municipal - National,FIXED INCOME MUNI,SMA,
CP10,SMA NAM Corp Lad 1-10Y,Nuveen Corporate Ladder 1-10 Year Model,Nuveen Corporate Ladder 1-10 Year Model,Taxable Fixed Income,FIXED INCOME TAXABLE,SMA,
CP15,SMA NAM Corp Lad 1-15Y,Nuveen Corporate Ladder 1-15 Year Model,Nuveen Corporate Ladder 1-15 Year Model,Taxable Fixed Income,FIXED INCOME TAXABLE,SMA,
NAMIGC,SMA NAM Txbl FI Int Gov Cred Opp,Nuveen Taxable Fixed Income Int Gov/Credit Opp,Nuveen Taxable Fixed Income Int Gov/Credit Opp,Taxable Fixed Income,FIXED INCOME TAXABLE,SMA,
CFICLD,SMA NAM Int Corp Lad,Nuveen Intermediate Corporate Ladder,Nuveen Intermediate Corporate Ladder,Taxable Fixed Income,FIXED INCOME TAXABLE,SMA,
NWQBLX,SMA NWQ Cons Bal,NWQ Conservative Balanced,NWQ Conservative Balanced,Taxable Fixed Income,FIXED INCOME TAXABLE,SMA,
CFICL7,SMA NAM Cstm FI Short Corp Lad,Nuveen Custom Fixed Income Short Term Corporate Ladder,Nuveen Custom Fixed Income Short Term Corporate Ladder,Taxable Fixed Income,FIXED INCOME TAXABLE,SMA,
CFICPA,SMA NAM Int Corp A And Above,Nuveen Intermediate Corporate A and Above,Nuveen Intermediate Corporate A and Above,Taxable Fixed Income,FIXED INCOME TAXABLE,SMA,
529MIA04,529MI NAM Ages 0-4,Nuveen Ages 0-4 Investment Portfolio,Nuveen Ages 0-4 Investment Portfolio,TD,TARGET,529,
529MIA58,529MI NAM Ages 5-8,Nuveen Ages 5-8 Investment Portfolio,Nuveen Ages 5-8 Investment Portfolio,TD,TARGET,529,
529MIA13,529MI NAM Ages 13-14,Nuveen Ages 13-14 Investment Portfolio,Nuveen Ages 13-14 Investment Portfolio,TD,TARGET,529,
529MIA15,529MI NAM Age 15,Nuveen Age 15 Investment Portfolio,Nuveen Age 15 Investment Portfolio,TD,TARGET,529,
529MIA16,529MI NAM Age 16,Nuveen Age 16 Investment Portfolio,Nuveen Age 16 Investment Portfolio,TD,TARGET,529,
529MIA17,529MI NAM Age 17,Nuveen Age 17 Investment Portfolio,Nuveen Age 17 Investment Portfolio,TD,TARGET,529,
529MIA18,529MI NAM Ages 18+,Nuveen Age 18+ Investment Portfolio,Nuveen Age 18+ Investment Portfolio,TD,TARGET,529,
529MINDGF,529MI SBAM Div Grow,Santa Barbara Dividend Growth Portfolio,Santa Barbara Dividend Growth Portfolio,Core,EQUITY,529,
529MIGLE,529MI Harding Loevner Gl Eq,Harding Loevner Global Equity Portfolio,Harding Loevner Global Equity Portfolio,Global/International,EQUITY,529,
529MIPLI,529MI Principal Plus Interest,Principal Plus Interest Portfolio,Principal Plus Interest Portfolio,Taxable Fixed Income,FIXED INCOME TAXABLE,529,
529MITRB,529MI MetWest Tot Rtn Bond,MetWest Total Return Bond Portfolio,MetWest Total Return Bond Portfolio,Taxable Fixed Income,FIXED INCOME TAXABLE,529,
IMAEMN,IMA NAM Eq Mkt Neutral,IMA NAM Equity Market Neutral,IMA NAM Equity Market Neutral,Alternative Strat,EQUITY,SMA,
529MIA910,529MI NAM Ages 9-10,Nuveen Ages 9-10 Investment Portfolio,Nuveen Ages 9-10 Investment Portfolio,TD,TARGET,529,
529MICAL,529MI NAM Cons Alloc,Nuveen Conservative Allocation Portfolio,Nuveen Conservative Allocation Portfolio,Asset Allocation,EQUITY,529,
529MILCEI,529MI TIAA Lg Cap US Eq Idx,TIAA Large Cap U.S. Equity Index Portfolio,TIAA Large Cap U.S. Equity Index Portfolio,Index,EQUITY,529,
529MISMC,529MI TIAA Sm Cap,TIAA U.S. Small Cap Portfolio,TIAA U.S. Small Cap Portfolio,Core,EQUITY,529,
529MILCV,529MI TIAA Lg Cap Val,TIAA Large Cap Value Portfolio,TIAA Large Cap Value Portfolio,Value,EQUITY,529,
529MIEMP,529MI DFA Emg Mkts,DFA Emerging Markets Portfolio,DFA Emerging Markets Portfolio,Taxable Fixed Income,FIXED INCOME TAXABLE,529,
529MIALTI,529MI NAM Alt Inc,Nuveen Alternative Income Portfolio,Nuveen Alternative Income Portfolio,Taxable Fixed Income,FIXED INCOME TAXABLE,529,
529MISCE,529MI TIAA Soc Ch Eq,TIAA Social Choice Equity Portfolio,TIAA Social Choice Equity Portfolio,SRI,EQUITY,529,
529MIRAI,529MI NAM Real Asset Inc,Nuveen Real Asset Income Portfolio,Nuveen Real Asset Income Portfolio,Real Assets,MULTIPLE,529,
UNIQXR,SMA NAM Unique Muni & Txbl,SMA Nuveen Unique Municipal & Taxable,SMA Nuveen Unique Municipal & Taxable,Municipal - National,FIXED INCOME MUNI,SMA,
NUBD,ETF NUBD ESG US Agg Bond,NuShares ESG U.S. Aggregate Bond ETF,NuShares ESG U.S. Aggregate Bond ETF,Taxable Fixed Income,FIXED INCOME TAXABLE,ETF,
XMAP3,SMA NAM Muni Tot Rtn MAP 70/30,Nuveen Muni Total Return MAP 70/30,Nuveen Muni Total Return MAP 70/30,Municipal - National,FIXED INCOME MUNI,SMA,
529MIA11,529MI NAM Ages 11-12,Nuveen Ages 11-12 Investment Portfolio,Nuveen Ages 11-12 Investment Portfolio,TD,TARGET,529,
529MICAP,529MI NAM Cap Appr,Nuveen Capital Appreciation Portfolio,Nuveen Capital Appreciation Portfolio,Asset Allocation,EQUITY,529,
529MIINT,529MI Oakmark Intl,Oakmark International Portfolio,Oakmark International Portfolio,Global/International,EQUITY,529,
529MISCB,529MI TIAA Soc Ch Bond,TIAA Social Choice Bond Portfolio,TIAA Social Choice Bond Portfolio,SRI,EQUITY,529,
CFIGCA,SMA NAM Int Gov Cred A & Above,SMA Nuveen Intermediate Government Credit A and Above,SMA Nuveen Intermediate Government Credit A and Above,Taxable Fixed Income,FIXED INCOME TAXABLE,SMA,
CXMDLO,SMA NAM Tax Aware FI,Nuveen Tax Aware Fixed Income - Intermediate Term,Nuveen Tax Aware Fixed Income - Intermediate Term,Municipal - National,FIXED INCOME MUNI,SMA,
USBTLCC,SMA NAM Lg Cap Core (USBank),Nuveen Large Cap Core (USBank),Nuveen Large Cap Core (USBank),Core,EQUITY,SMA,
USBTSCV,SMA NAM Sm Cap Val (USBank),Nuveen Small Cap Value (USBank),Nuveen Small Cap Value (USBank),Value,EQUITY,SMA,
USBTIG,SMA NAM Intl Grow (USBank),Nuveen International Growth (USBank),Nuveen International Growth (USBank),Global/International,EQUITY,SMA,
XXXXX,ETF Multi-Asset ESG Cons Grw Portfolio,ETF Multi-Asset ESG Cons Grw Portfolio,Nuveen Multi-Asset ESG Conservative Growth Portfolio,Growth/Income,MULTIPLE,ETF,
ETFAG,Nuveen ESG All equity growth model portfolio (ETF),Nuveen ESG All equity growth model portfolio (ETF),Nuveen ESG All equity growth model portfolio (ETF),SRI,MULTIPLE,ETF,
ETFCG,Nuveen ESG Mod cons growth model portfolio (ETF),Nuveen ESG Moderate conservative growth model portfolio (ETF),Nuveen ESG Moderate conservative growth model portfolio (ETF),SRI,MULTIPLE,ETF,
CFICPS,SMA NAM Int Corp Plus,Nuveen Intermediate Corporate,Nuveen Intermediate Corporate Plus,Taxable Fixed Income,FIXED INCOME TAXABLE,SMA,
CXMPLO,SMA NAM Tax Aware FI Mod Lmt Term,Nuveen Tax Aware Fixed Income - Limited Term,Nuveen Tax Aware Fixed Income Moderate Limited Term,Municipal - National,FIXED INCOME MUNI,SMA,
CNWLC,CIT NWQ Lg Cap Val,CIT Large Cap Value,CIT Large Cap Value Fund,Value,EQUITY,CIT,
STRGDA,SMA NAM Glb Div (ADR),Nuveen Global Dividend (ADR),Nuveen Global Dividend (ADR),Global/International,EQUITY,SMA,
WILCG,SMA WIN Intl Lg Cap Grow,Winslow International Large Cap Growth,Winslow International Large Cap Growth,Global/International,EQUITY,SMA,
WISCG,SMA WIN Intl Sm Cap Grow,Winslow International Small Cap Growth,Winslow International Small Cap Growth,Global/International,EQUITY,SMA,
QCGLX,ANN TIAA CREF Global Equities Account,ANN TIAA CREF Gbl Equity Acct,ANN TIAA CREF Global Equities Account,Global/International,EQUITY,ANNUITY,
QCGRX,ANN TIAA CREF Growth Account,ANN TIAA CREF Growth Acct,ANN TIAA CREF Growth Account,Growth,EQUITY,ANNUITY,
BAMSGB,SMA NAM Stbl Grow Bal Tax,Nuveen Stable Growth Balanced Taxable,Nuveen Stable Growth Balanced Taxable,Growth,FIXED INCOME TAXABLE,SMA,
NLCG,MF NAM Lg Cap Grow,Nuveen Large Cap Growth,Nuveen Large Cap Growth Fund,Growth,EQUITY,MF,
NLCC,MF NAM Lg Cap Core,Nuveen Large Cap Core,Nuveen Large Cap Core Fund,Core,EQUITY,MF,
NCCF,MF NAM Conc Core,Nuveen Concentrated Core,Nuveen Concentrated Core Fund,Core,EQUITY,MF,
NSLSE,MF SAM Dyn Eq,Symphoy Dynamic Equity,Symphoy Dynamic Equity Fund,Alternative Strat,EQUITY,MF,
GT10,SMA NAM GT Lad 1-10Y,Nuveen Gradual Transition Laddered 1-10 yrs,Nuveen Gradual Transition Laddered 1-10 yrs,Municipal - National,FIXED INCOME MUNI,SMA,
GT515,SMA NAM GT Lad 5-15Y,Nuveen Gradual Transition Laddered 5-15 yrs,Nuveen Gradual Transition Laddered 5-15 yrs,Municipal - National,FIXED INCOME MUNI,SMA,
NGEF,MF NWQ Glb All-Cap,NWQ Global All-Cap,NWQ Global All-Cap Fund,Global/International,EQUITY,MF,
PRBELL,SMA NAM Int Bell Muni (PR),Nuveen Intermediate Municipal (Ron Perry),Nuveen Intermediate Municipal (Ron Perry),Municipal - National,FIXED INCOME MUNI,SMA,
IMAIDX,IMA NAM Idx,Nuveen Index,Nuveen Index,Index,MULTIPLE,SMA,
IMARA,IMA NAM Real Assets,Nuveen Real Assets,Nuveen Real Assets,Real Assets,REAL ESTATE,SMA,
IMARASA,IMA NAM Real Assets (Ext Sub),Nuveen Real Assets - Ext Sub,Nuveen Real Assets - Ext Sub,Real Assets,REAL ESTATE,SMA,
IMATEM,IMA NAM Tax Ex,Nuveen Tax Exempt (Muni),Nuveen Tax Exempt (Muni),Municipal - National,FIXED INCOME MUNI,SMA,
IMATESA,IMA NAM Tax Ex (Ext Sub),Nuveen Tax Exempt - Ext Sub,Nuveen Tax Exempt - Ext Sub,Municipal - National,FIXED INCOME MUNI,SMA,
PRMLAD,SMA NAM Int HQ Muni (PR),Nuveen Intermediate-Term Municipal Style,Nuveen Intermediate-Term Municipal Style,Municipal - National,FIXED INCOME MUNI,SMA,
JGH,CEF JGH Glb Hi Inc,Nuveen Global High Income,Nuveen Global High Income Fund,TFI,FIXED INCOME TAXABLE,CEF,
SPXX,CEF SPXX S&P 500 Dyn Over,Nuveen S&P 500 Dynamic Overwrite,Nuveen S&P 500 Dynamic Overwrite Fund,EQDOM,EQUITY,CEF,
ICAPBSS,UIT NAM Bal Sheet Strength,Nuveen Balance Sheet Strength Portfolio,Nuveen Balance Sheet Strength Portfolio,Growth/Income,EQUITY,UIT,
CWLCG,CIT WIN Lg-Cap Growth,CIT Winslow Large-Cap Growth,CIT Winslow Large-Cap Growth Fund,Growth,EQUITY,CIT,
IMMANN,Immediate Annuity,Immediate Annuity,Immediate Annuity,Default,MULTIPLE,ANNUITY,
NMESG,SMA NAM Muni ESG,Nuveen NAM Muni ESG SMA,Nuveen NAM Muni ESG,SRI,FIXED INCOME MUNI,SMA,
ALTSI,ALT Real Est U.S. Strategic Industrial,Real Estate U S. Strategic Industrial Fund,TH Real Estate U.S. Strategic Industrial Fund I-A LP,Real Estate,REAL ESTATE,ALT,
QCSCX,ANN TIAA CREF Social Choice Account,ANN TIAA CREF Social Choice Acct,ANN TIAA CREF Social Choice Account,SRI,EQUITY,ANNUITY,
LGREQ,MF TIAA Life Gr Eq Fund,MF TIAA Life Growth Equity Fund,MF TIAA Life Growth Equity Fund,Growth,EQUITY,MF,
LINEQ,MF TIAA Life Intl Eq,MF TIAA Life International Equity Fund,MF TIAA Life International Equity Fund,Global/International,EQUITY,MF,
LSIDX,MF TIAA Life Stck Idx Fund,MF TIAA Life Stock Index Fund,MF TIAA Life Stock Index Fund,Index,FIXED INCOME TAXABLE,MF,
LSCEQ,MF TIAA Life Soc Choice Eq,MF TIAA Life Social Choice Equity Fund,MF TIAA Life Social Choice Equity Fund,SRI,EQUITY,MF,
LLCV,MF TIAA Life Lg Cap Val,MF TIAA Life Large Cap Value Fund,MF TIAA Life Large Cap Value Fund,Value,EQUITY,MF,
LBOND,MF TIAA Life Bond Acct,MF TIAA Life Bond Account Fund,MF TIAA Life Bond Account Fund,Taxable Fixed Income,FIXED INCOME TAXABLE,MF,
TIAA#,ANN TIAA Traditional,ANN TIAA Traditional,ANN TIAA Traditional,Growth/Income,EQUITY,ANNUITY,
TSVX#,ANN TIAA Stable Value,ANN TIAA Stable Value,ANN TIAA Stable Value,Value,FIXED INCOME TAXABLE,ANNUITY,
TSAF#,ANN TIAA Stable Annuity,ANN TIAA Stable Annuity,ANN TIAA Stable Annuity,Taxable Fixed Income,FIXED INCOME TAXABLE,ANNUITY,
JHAA,CEF JHAA Hi Inc 2023,Nuveen High Income 2023 Target Term ,Nuveen High Income 2023 Target Term Fund,TFI,FIXED INCOME TAXABLE,CEF,
CFRIL5,SMA NAM Corp Bond Ldr ESG 1-5 Yr,SMA NAM Corporate Bond Ladder ESG 1-5 Yr,SMA NAM Corporate Bond Ladder ESG 1-5 Yr,SRI,FIXED INCOME TAXABLE,SMA,
SOLCIP,SMA NAM Con Inc Port Muni,SMA NAM Conservative Income Portfolio Muni,Nuveen Tax Exempt Conservative Income Portfolio,Municipal - National,FIXED INCOME MUNI,SMA,
SOLHIP,SMA NAM High Inc Port Muni,SMA NAM High Income Portfolio Muni,Nuveen Tax Exempt High Income Portfolio,Municipal - National,FIXED INCOME MUNI,SMA,
CFIUNQ,SMA NAM Unq Cst Tax Fix Inc,NAM Unique Custom Taxable Fixed Income,Nuveen Unique Custom Taxable Fixed Income,Taxable Fixed Income,FIXED INCOME TAXABLE,SMA,
TSDIB,MF TIAA Short Dur Imp Bond,TIAA Short Duration Impact Bond,TIAA Short Duration Impact Bond Fund,SRI,FIXED INCOME TAXABLE,MF,
TGRBD,MF TIAA Green Bond,TIAA Green Bond,TIAA Green Bond Fund,SRI,FIXED INCOME TAXABLE,MF,
LRES,MF TIAA Life Real Est Sec,MF TIAA Life Real Estate Securities Fund,MF TIAA Life Real Estate Securities Fund,Real Estate,REAL ESTATE,MF,
QCILX,ANN TIAA CREF Infl Link Bond,ANN TIAA CREF Inflation Linked Bond Account,ANN TIAA CREF Inflation Linked Bond Account,Taxable Fixed Income,FIXED INCOME TAXABLE,ANNUITY,
QCMMX,ANN TIAA CREF Mon Mkt,ANN TIAA CREF Money Market Account,ANN TIAA CREF Money Market Account,Money Market,MONEY,ANNUITY,
IMACSTSOL,IMA NAM Custom Solution,IMA NAM Custom Solution,IMA NAM Custom Solution,Asset Allocation,MULTIPLE,SMA,
SOLMIP,SMA NAM Mod Inc Port Muni,SMA NAM Moderate Income Portfolio Muni,Nuveen Tax Exempt Moderate Income Portfolio,Municipal - National,FIXED INCOME MUNI,SMA,
DYNSTY,SMA NAM Cust Muni Dynasty,Nuveen Customized Municipal Dynasty,Nuveen Customized Municipal Dynasty,Municipal - National,FIXED INCOME MUNI,SMA,
CFIGLS,SMA NAM Cust Fix Ultra Sh US Treas Lad,NAM Custom Fixed Ultra Short US Treasury Ladder,NAM Custom Fixed Ultra Short US Treasury Ladder,Taxable Fixed Income,FIXED INCOME TAXABLE,SMA,
CGRIL0,SMA NAM Grad Tran Corp Bond Ladder ESG 1-10yr,Nuveen Gradual Transition Corporate Bond Ladder ESG 1-10yr,Nuveen Gradual Transition Corporate Bond Ladder ESG 1-10yr,Taxable Fixed Income,FIXED INCOME TAXABLE,SMA,
NWQGEO,SMA NWQ Gl Eq Inc ORD,NWQ Global Equity Income ORD,NWQ Global Equity Income ORD,Global/International,EQUITY,SMA,
CFICL5,SMA NAM Cstm FI Short Corp Lad,Nuveen Custom Fixed Income Short Term Corporate Ladder,Nuveen Custom Fixed Income Short Term Corporate Ladder,Taxable Fixed Income,FIXED INCOME TAXABLE,SMA,
ITMESG,SMA: NAM Int Term Muni ESG,SMA: NAM Int Term Muni ESG,SMA: NAM Int Term Muni ESG,Municipal - National,FIXED INCOME MUNI,SMA,
DYNSGT,SMA NAM Grad Trans Cust Muni Dynasty,Gradual Transition Customized Municipal Dynasty,Nuveen Gradual Transition Customized Municipal Dynasty,Municipal - National,FIXED INCOME MUNI,SMA,
MEGG,SMA NAM Muni Bond Port,NAM Municipal Bond Portfolio,Nuveen Municipal Bond Portfolio,Municipal - National,FIXED INCOME MUNI,SMA,
MEGGGT,SMA NAM Muni Bond Grad Trans,NAM Municipal Bond Gradual Transition,Nuveen Municipal Bond Gradual Transition,Municipal - National,FIXED INCOME MUNI,SMA,
NULC,ETF NULC ESG Lg Cap,Nuveen ESG Large Cap ETF,Nuveen ESG Large Cap ETF,Core,EQUITY,ETF,
IMAELS,IMA NAM Eq Long/Short,IMA NAM Eq Long/Short,NAM Equity Long/Short Inst SMA,Alternative Strat,EQUITY,SMA,
NHYMO,ALT NAM High Yld Muni Opp,NAM High Yield Municipal Opportunities,Nuveen High Yield Municipal Opportunities Fund,Alternative Strat,FIXED INCOME MUNI,ALT,
NMCO,CEF NMCO Muni Credit Opps,Nuveen Municipal Credit Opportunities,Nuveen Municipal Credit Opportunities,MUNNAT,FIXED INCOME MUNI,CEF,
#TL,MF TIAA LfCy,TIAA Lifecycle,TIAA Lifecycle,TD,TARGET,MF,
CMESG,SMA: NAM Custom Muni ESG,SMA: NAM Custom Muni ESG,SMA: NAM Custom Muni ESG,Municipal - National,FIXED INCOME MUNI,SMA,
CGTCL7,SMA NAM Grad Trans Corp Bond Ladder 1-7Yr,NAM Grad Trans Corp Bond Ladder 1-7Yr,Nuveen Gradual Transition Bond Ladder 1-7 Year,Taxable Fixed Income,FIXED INCOME TAXABLE,SMA,
NMOF,ALT NAM Muni Opp,NAM Municipal Opportunities,Nuveen Municipal Opportunities Fund,Alternative Strat,FIXED INCOME MUNI,ALT,
ALTWING,ALT WIN Growth,Alternative Winslow Growth,Alternative Winslow Growth,Alternative Strat,EQUITY,ALT,
NUHY,ETF NUHY ESG Hi Yld Corp bond,Nuveen ESG High Yield Corporate Bond Fund,Nuveen ESG High Yield Corporate Bond Fund,SRI,FIXED INCOME MUNI,ETF,
DRSA#,TIAA Bank Cash Reserves,TIAA Bank Cash Reserves,TIAA Bank Cash Reserves,xxxxxx,Money Market,NUV,
IRSA#,TIAA Bank Savings,TIAA Bank Savings,TIAA Bank Savings,xxxxxx,Money Market,NUV,
NMINCC,SMA NAM Tax-Exempt Cons Inc Model,NAM Tax-Exempt Conservative Income Model,Nuveen Tax-Exempt Conservative Income Model,Municipal - National,FIXED INCOME MUNI,SMA,
NMINCM,SMA NAM Tax-Exempt Mod Inc Model,Nuveen Tax-Exempt Moderate Income Model,Nuveen Tax-Exempt Moderate Income Model,Municipal - National,FIXED INCOME MUNI,SMA,
NMINCH,SMA NAM Tax-Exempt High Inc Model,Nuveen Tax-Exempt High Income Model,Nuveen Tax-Exempt High Income Model,Municipal - National,FIXED INCOME MUNI,SMA,
ALTINTV,ALT Muni HY Interval Fund,Nuveen Muni High Yield and Special Situations,Nuveen Muni High Yield and Special Situations,Alternative Strat,FIXED INCOME MUNI,ALT,
IMAJEQ,IMA NWQ Japan Eq,NWQ Japan Equity,NWQ Japan Equity,Global/International,EQUITY,SMA,
ALTSIA,ALT Secure Income Account,Alternative Secure Income Account,Alternative Secure Income Account,Alternative Strat,FIXED INCOME TAXABLE,ALT,
ALTNYCPF,ALT NAM NYC PF,Nuveen New York City Property Fund II,Nuveen New York City Property Fund II,Alternative Strat,REAL ESTATE,ALT,
ALTIMPINV,ALT Impact Investing,Impact Investing,Impact Investing,Alternative Strat,MULTIPLE,ALT,
GMFSF,MF GIM Mgd Future Strg Fund,Gresham Managed Futures Strategy Fund,Gresham Managed Futures Strategy Fund,Alternative Strat,EQUITY,MF,
#TLI,MF TIAA LfCy Idx,TIAA Lifecycle Index,TIAA Lifecyle Index Fund,TD,TARGET,MF,
ALTCHBDC,ALT Churchill Bus Dev Co,ALT Churchill Bus Dev Co,ALT Churchill Bus Dev Co,Alternative Strat,FIXED INCOME TAXABLE,ALT,
CXDLGT,SMA NAM Grad Trans Tax FI Mod Int,NAM Gradual Transition tax FI Moderate Int,Nuveen Gradual Transition Tax FI Moderate Int,Municipal - National,FIXED INCOME MUNI,SMA,
X105,SMA NAM Cust Gbl Lg Cap Bal Muni 70/30,NAM Cust Gbl Lg Cap Bal Muni 70/30,Nuveen Customized Large Cap Balanced Municipal 70/30,Asset Allocation,MULTIPLE,SMA,
X106,SMA NAM Cust Gbl Lg Cap Bal Muni 50/50,NAM Cust Gbl Lg Cap Bal Muni 50/50,Nuveen Customized Global Large Cap Balanced Municipal 50/50,Asset Allocation,MULTIPLE,SMA,
CFITB,CIT NAM Core Imp Bond,CIT Nuveen Core Impact Bond Fund,CIT Nuveen Core Impact Bond Fund,Taxable Fixed Income,FIXED INCOME TAXABLE,CIT,
ALTWEST,ALT Agri Real Estate,Agriculture Real Estate,Agriculture Real Estate,Real Assets,REAL ESTATE,ALT,
TEMEF,MF TIAA Emg Mkts Eq,TIAA Emerging Markets Equity,TIAA Emerging Markets Equity Fund,Global/International,EQUITY,MF,
TILBF,MF TIAA Infl-Linked Bond,TIAA Inflation-Linked Bond,TIAA Inflation-Linked Bond Fund,Taxable Fixed Income,FIXED INCOME TAXABLE,MF,
TIEF,MF TIAA Intl Eq,TIAA International Equity,TIAA International Equity Fund,Global/International,EQUITY,MF,
TIEIF,MF TIAA Intl Eq Idx,TIAA International Equity Index,TIAA International Equity Index Fund,Index,EQUITY,MF,
TLCGF,MF TIAA Lg Cap Grow,TIAA Large-Cap Growth,TIAA Large-Cap Growth Fund,Growth,EQUITY,MF,
TLCVF,MF TIAA Lg Cap Val,TIAA Large-Cap Value,TIAA Large-Cap Value Fund,Value,EQUITY,MF,
TLI2015,MF TIAA LfCy Idx 2015,TIAA Lifecycle Index 2015,TIAA Lifecycle Index 2015 Fund,TD,TARGET,MF,
TLI2040,MF TIAA LfCy Idx 2040,TIAA Lifecycle Index 2040,TIAA Lifecycle Index 2040 Fund,TD,TARGET,MF,
TLI2055,MF TIAA LfCy Idx 2055,TIAA Lifecycle Index 2055,TIAA Lifecycle Index 2055 Fund,TD,TARGET,MF,
TLIRIF,MF TIAA LfCy Idx Rtrmt Inc,TIAA Lifecycle Index Retirement Income,TIAA Lifecycle Index Retirement Income Fund,TD,TARGET,MF,
TLRIF,MF TIAA LfCy Rtrmt Inc,TIAA Lifecycle Retirement Income,TIAA Lifecycle Retirement Income Fund,TD,TARGET,MF,
TLAGF,MF TIAA LfSt Agg Grow,TIAA Lifestyle Aggressive Growth,TIAA Lifestyle Aggressive Growth Fund,Asset Allocation,MULTIPLE,MF,
TLCF,MF TIAA LfSt Cons,TIAA Lifestyle Conservative,TIAA Lifestyle Conservative Fund,Asset Allocation,MULTIPLE,MF,
TLMF,MF TIAA LfSt Mod,TIAA Lifestyle Moderate,TIAA Lifestyle Moderate Fund,Asset Allocation,MULTIPLE,MF,
TMAF,MF TIAA Mgd Alloc,TIAA Managed Allocation,TIAA Managed Allocation Fund,Asset Allocation,MULTIPLE,MF,
TMMF,MF TIAA Money Mkt,TIAA Money Market,TIAA Money Market Fund,Money Market,MONEY,MF,
TRESF,MF TIAA Real Est Sec,TIAA Real Estate Securities,TIAA Real Estate Securities Fund,Real Assets,EQUITY,MF,
PRMINC,SMA NAM Long Term Muni,Nuveen Long Term Municipal Style (Ron Perry),Nuveen Long Term Municipal Style (Ron Perry),Municipal - National,FIXED INCOME MUNI,SMA,
PRMCPP,SMA NAM Ltd Mat Muni (PR),Nuveen Limited Maturity Municipal PRM,Nuveen Limited Maturity Municipal PRM,Municipal - National,FIXED INCOME MUNI,SMA,
ICAPBMLFS,UIT NAM BofA ML Food Sec,Nuveen BofA Merrill Lynch Food Security Portfolio,Nuveen BofA Merrill Lynch Food Security Portfolio,Growth/Income,EQUITY,UIT,
EJMCPP,SMA NAM Ltd Muni (EJ),Nuveen Limited Muni Ed Jones,Nuveen Limited Muni Ed Jones,Municipal - National,FIXED INCOME MUNI,SMA,
GTEJMC,SMA NAM GT Long Term Muni (EJ),Nuveen GT Long Term Muni Ed Jones,Nuveen GT Long Term Muni Ed Jones,Municipal - National,FIXED INCOME MUNI,SMA,
ICAPF10D,UIT NAM Formula 10 Dow,Nuveen Formula 10 Dow Portfolio,Nuveen Formula 10 Dow Portfolio,Growth/Income,EQUITY,UIT,
TGIF,MF TIAA Grow & Inc,TIAA Growth & Income,TIAA Growth & Income Fund,Growth,EQUITY,MF,
TL2020,MF TIAA LfCy 2020,TIAA Lifecycle 2020,TIAA Lifecycle 2020 Fund,TD,TARGET,MF,
TL2025,MF TIAA LfCy 2025,TIAA Lifecycle 2025,TIAA Lifecycle 2025 Fund,TD,TARGET,MF,
TL2035,MF TIAA LfCy 2035,TIAA Lifecycle 2035,TIAA Lifecycle 2035 Fund,TD,TARGET,MF,
TL2060,MF TIAA LfCy 2060,TIAA Lifecycle 2060,TIAA Lifecycle 2060 Fund,TD,TARGET,MF,
TLI2030,MF TIAA LfCy Idx 2030,TIAA Lifecycle Index 2030,TIAA Lifecycle Index 2030 Fund,TD,TARGET,MF,
EJMINC,SMA NAM Long Term Muni (EJ),Nuveen Long Term Muni Ed Jones,Nuveen Long Term Muni Ed Jones,Municipal - National,FIXED INCOME MUNI,SMA,
GTEJMP,SMA NAM GT Ltd Muni (EJ),Nuveen GT Limited Muni Ed Jones,Nuveen GT Limited Muni Ed Jones,Municipal - National,FIXED INCOME MUNI,SMA,
NAMFG50SP,UIT NAM Formula Gl 50 S&P,Nuveen Formula Global 50 S&P Portfolio,Nuveen Formula Global 50 S&P Portfolio,Growth/Income,EQUITY,UIT,
BAMIDV,SMA SBAM Intl Div Grow,Santa Barbara International Dividend Growth,Santa Barbara International Dividend Growth,Growth,EQUITY,SMA,
WF15LD,SMA NAM Tax Ex Port 15Y Lad,"Nuveen Tax-Exempt Portfolio 15 Year, Laddered","NuveenTax-Exempt Portfolio 15 Year, Laddered",Municipal - National,FIXED INCOME MUNI,SMA,
TRDSEM,SMA NAM Sector Emg Mkts,Nuveen Sector Emerging Markets,Nuveen Sector Emerging Markets,Global/International,EQUITY,SMA,
TRDSSC,SMA NAM Sector Sm Cap,Nuveen Sector Small Cap,Nuveen Sector Small Cap,Value,EQUITY,SMA,
TRDSDS,SMA NAM Sector Div Sel,Nuveen Sector Dividend Select,Nuveen Sector Dividend Select,Global/International,EQUITY,SMA,
NAMCD,SMA NAM Core Div,Nuveen Core Dividend,Nuveen Core Dividend,Core,EQUITY,SMA,
TLI2020,MF TIAA LfCy Idx 2020,TIAA Lifecycle Index 2020,TIAA Lifecycle Index 2020 Fund,TD,TARGET,MF,
TLI2035,MF TIAA LfCy Idx 2035,TIAA Lifecycle Index 2035,TIAA Lifecycle Index 2035 Fund,TD,TARGET,MF,
TLI2045,MF TIAA LfCy Idx 2045,TIAA Lifecycle Index 2045,TIAA Lifecycle Index 2045 Fund,TD,TARGET,MF,
TLIF,MF TIAA LfSt Inc,TIAA Lifestyle Income,TIAA Lifestyle Income Fund,Asset Allocation,MULTIPLE,MF,
WF30AM,SMA NAM Tax Ex Port 30Y Act,"Nuveen Tax-Exempt Portfolio 30 Year, Active Mgmt","Nuveen Tax-Exempt Portfolio 30 Year, Active Mgmt",Municipal - National,FIXED INCOME MUNI,SMA,
TRDEMD,SMA NAM Sector Emg Mkts Div,Nuveen Sector Emerging Markets Dividend,Nuveen Sector Emerging Markets Dividend,Global/International,EQUITY,SMA,
TRDPPU,SMA NWQ Sector Plus Hi TE,NWQ Sector Plus High TE,NWQ Sector Plus High TE,Quant/Enhanced,EQUITY,SMA,
TRDSLA,SMA NWQ Sector Liq Alts,NWQ Sector Liquid Alternatives,NWQ Sector Liquid Alternatives,Alternative Strat,MULTIPLE,SMA,
TRDSMB,SMA NWQ  Sector Mod Bal,NWQ Sector Moderate Balanced,NWQ Sector Moderate Balanced,Asset Allocation,MULTIPLE,SMA,
TRDSGB,SMA NWQ Sector Grow Bal,NWQ Sector Growth Balanced,NWQ Sector Growth Balanced,Asset Allocation,MULTIPLE,SMA,
TRDSAB,SMA NWQ Sector Agg Bal,NWQ Sector Aggressive Balanced,NWQ Sector Aggressive Balanced,Asset Allocation,MULTIPLE,SMA,
TRDAGE,SMA NWQ Sector Aggr Glb Eq,NWQ Sector Aggressive Global Equity,NWQ Sector Aggressive Global Equity,Global/International,EQUITY,SMA,
NMAI,MF NIA Mlt-Asset Inc,Nuveen Multi-Asset Income Fund,Nuveen Multi-Asset Income Fund,Asset Allocation,MULTIPLE,MF,
IMACPS,IMA NAM Conc Pref Sec,Nuveen Concentrated Preferred Securities,Nuveen Concentrated Preferred Securitie,Taxable Fixed Income,FIXED INCOME TAXABLE,SMA,
NAMLCV,SMA NAM Lg Cap Val,Nuveen Large Cap Value,Nuveen Large Cap Value Fund,Value,EQUITY,SMA,
PR0515,SMA NAM Muni Lad 5-15Y PR,Nuveen Municipal Laddered 5-15 yrs,Nuveen Municipal Laddered 5-15 yrs,Municipal - National,FIXED INCOME MUNI,SMA,
ICAPF30SP,UIT NAM Formula 30 S&P,Nuveen Formula 30 S&P Portfolio,Nuveen Formula 30 S&P Portfolio,Growth/Income,EQUITY,UIT,
ICAPIDS,UIT NAM Argus Intl Div Seeker ,Nuveen Argus International Dividend Seeker Portfolio,Nuveen Argus International Dividend Seeker Portfolio,Growth/Income,EQUITY,UIT,
ICAPNHS,UIT NAM Najarian Heat Seeker,Nuveen Najarian Heat Seeker Portfolio,Nuveen Najarian Heat Seeker Portfolio,Growth/Income,EQUITY,UIT,
TAMMGB,SMA TIAA Gl Div Eq ESG,TIAA Global Dividend Equity ESG Model,TIAA Global Dividend Equity ESG Model,Global/International,EQUITY,SMA,
JHA,CEF JHA Hi Inc 2018,Nuveen High Income 2018 Target Term,Nuveen High Income 2018 Target Term Fund,TFI,FIXED INCOME TAXABLE,CEF,
NHA,CEF NHA Muni 2021,Nuveen Municipal 2021 Target Term,Nuveen Municipal 2021 Target Term Fund,MUNNAT,TARGET,CEF,
GEEUCITS,UCITS TIAA Gl Eq ESG,TIAA Global Equity ESG,TIAA Global Equity ESG Fund,Global/International,EQUITY,UCITS,
LADTXG,SMA NAM Lad Txbl Gov,Nuveen Ladder Taxable - Govt,Nuveen Ladder Taxable Fund - Govt,Taxable Fixed Income,FIXED INCOME TAXABLE,SMA,
COLDMD,SMA NAM Int HQ Muni (CS),Nuveen Intermediate HQ Municipal (Coldstream),Nuveen Intermediate HQ Municipal (Coldstream) Fund,Municipal - National,FIXED INCOME MUNI,SMA,
NAMCON,SMA NAM Conc Pref Sec,Nuveen Concentrated Preferred Securities,Nuveen Concentrated Preferred Securities,Taxable Fixed Income,FIXED INCOME TAXABLE,SMA,
MODBAL,SMA NAM Mod Bal,Nuveen Moderate Balanced,Nuveen Moderate Balanced Fund,Municipal - National,FIXED INCOME TAXABLE,SMA,
CUSTLD,SMA NAM Cstm Lad Muni Bond,Nuveen Custom Laddered Muni Bond,Nuveen Custom Laddered Muni Bond,Municipal - National,FIXED INCOME MUNI,SMA,
ICAPPEPI,UIT NAM Prosp Egy & Power Inc,Nuveen Prospect Energy and Power Income,Nuveen Prospect Energy and Power Income Portfolio,Growth/Income,EQUITY,UIT,
ICAPPIF,UIT NAM Prosp Inc Finance,Nuveen Prospect Income Finance Portfolio,Nuveen Prospect Income Finance Portfolio,Growth/Income,EQUITY,UIT,
NAMCRE,UIT NAM Core Real Est,Nuveen Core Real Estate Securities Portfolio,Nuveen Core Real Estate Securities Portfolio,Real Assets,REAL ESTATE,UIT,
STRCSH,SMA NAM Sector Cash,Nuveen Sector Cash,Nuveen Sector Cash,Money Market,MONEY,SMA,
NAMIRPG,SMA NAM Mgd Vol  Port Grow,"Nuveen Managed Volatility Portfolio, Growth","Nuveen Managed Volatility  Portfolio, Growth",Asset Allocation,MULTIPLE,SMA,
NAMIRPM,SMA NAM Mgd Vol Port Mod,"Nuveen Managed Volatility Portfolio, Moderate","Nuveen Managed Volatility Portfolio, Moderate",Asset Allocation,MULTIPLE,SMA,
CP07,SMA NAM Corp Lad 1-7Y,Nuveen Corporate Ladder 1-7 Year Model,Nuveen Corporate Ladder 1-7 Year Model,Taxable Fixed Income,FIXED INCOME TAXABLE,SMA,
XGTR20,SMA NAM GT Tot Rtn 80/20,Nuveen Gradual Transition Total Return 80/20,Nuveen Gradual Transition Total Return (80/20) Fund,Municipal - National,FIXED INCOME MUNI,SMA,
CFITQL,SMA NAM Cstm FI Dyn Txbl,Nuveen Custom Fixed Income Dynamic Taxable,Nuveen Custom Fixed Income Dynamic Taxable,Taxable Fixed Income,FIXED INCOME TAXABLE,SMA,
PR15,SMA NAM Muni Lad 1-15Y (RP),Nuveen Municipal Laddered 1-15 Year,Nuveen Municipal Laddered 1-15 Year,Municipal - National,FIXED INCOME MUNI,SMA,
TF07,SMA NAM Gov Lad 1-7Y,Nuveen Government Ladder 1-7 Year Model,Nuveen Government Ladder 1-7 Year Model,Taxable Fixed Income,FIXED INCOME TAXABLE,SMA,
TF0510,SMA NAM Gov Lad 5-10Y,Nuveen Government Ladder 5-10 Year Model,Nuveen Government Ladder 5-10 Year Model,Taxable Fixed Income,FIXED INCOME TAXABLE,SMA,
TSMCEF,MF TIAA Quant SMID Cap Eq,TIAA Quant Small/Mid-Cap Equity Fund,TIAA Quant Small/Mid-Cap Equity Fund,Core,EQUITY,MF,
TRDGSA,SMA NWQ Glb Sel ADR,NWQ Global Select ADR,NWQ Global Select ADR,Global/International,EQUITY,SMA,
SAMLVEQ,SMA SAM Lo Vol Eq,Symphony Low Volatility Equity,Symphony Low Volatility Equity,Core,EQUITY,SMA,
NULG,ETF NULG ESG Lg Cap Grow,Nuveen ESG Large-Cap Growth,Nuveen ESG Large-Cap Growth,Growth,MULTIPLE,ETF,
NUSC,ETF NUSC ESG Sm Cap,Nuveen ESG Small-Cap,Nuveen ESG Small-Cap,Value,MULTIPLE,ETF,
NURE,ETF NURE Sh Term REIT,Nuveen Short Term REIT,Nuveen Short Term REIT,Taxable Fixed Income,MULTIPLE,ETF,
HYDCON,NAM UMA Cons Intel Risk,Nuveen Conservative Intelligent Risk,Nuveen Conservative Intelligent Risk,Asset Allocation,MULTIPLE,SMA,
NUSA,ETF NUSA Enh Yld US Agg 1-5Y,Nuveen Enhanced Yield 1-5 Year U.S. Aggregate Bond,Nuveen Enhanced Yield 1-5 Year U.S. Aggregate Bond,Taxable Fixed Income,FIXED INCOME TAXABLE,ETF,
NUEM,ETF NUEM ESG Emg Mkts Eq,NuShares ESG Emerging Markets Equity ETF,NuShares ESG Emerging Markets Equity ETF,Global/International,EQUITY,ETF,
T103,SMA TIAA Mlt 3 Txbl & Eq,TIAA Multi 3 Taxable & Equity,TIAA Multi 3 Taxable & Equity Fund,Taxable Fixed Income,EQUITY,SMA,
TAMMGR,SMA TIAA All Cap Grow Eq ESG,TIAA All Cap Growth Equity ESG Model,TIAA All Cap Growth Equity ESG Model,Growth,EQUITY,SMA,
NWQDI,UIT NWQ Div Inc,NWQ Diversified Income Portfolio,Nuveen NWQ Diversified Income Portfolio,Growth/Income,EQUITY,UIT,
HYDAGG,NAM Grow Intl Risk,Nuveen Growth Intelligent Risk,Nuveen Growth Intelligent Risk,Asset Allocation,MULTIPLE,SMA,
STRCOR,NAM NAM Sector Core Strgy,Nuveen Sector Core Strategy,Nuveen Sector Core Strategy,Core,MULTIPLE,SMA,
TF0515,SMA NAM Gov Lad 5-15Y,Nuveen Government Ladder 5-15 Year Model,Nuveen Government Ladder 5-15 Year Model,Taxable Fixed Income,FIXED INCOME TAXABLE,SMA,
CFICLA,SMA NAM Cstm FI Int Corp Lad A,Nuveen Custom Fixed Income Intermediate Corporate Ladder A and Above,Nuveen Custom Fixed Income Intermediate Corporate Ladder A and Above,Taxable Fixed Income,FIXED INCOME TAXABLE,SMA,
JEMD,CEF JEMD Emg Mkts Debt 2022,Nuveen Emerging Markets Debt 2022 Target Term Fund,Nuveen Emerging Markets Debt 2022 Target Term Fund,TFI,FIXED INCOME TAXABLE,CEF,
529MIFTRB,529MI NAM Strat Inc,Nuveen Strategic Income Portfolio,Nuveen Strategic Income Portfolio,Taxable Fixed Income,FIXED INCOME TAXABLE,529,
529MIILP,529MI NAM Infl-Link,Nuveen Inflation-Linked Portfolio,Nuveen Inflation-Linked Portfolio,Taxable Fixed Income,FIXED INCOME TAXABLE,529,
529MIAPR,529MI Harbor Capital Appr,Harbor Capital Appreciation Portfolio,Harbor Capital Appreciation Portfolio,Taxable Fixed Income,FIXED INCOME TAXABLE,529,
FEC4B5DC,ALT Churchill Mid Mkt Sr Loan,"Churchill Middle Market Senior Loan Access Fund, LP","Churchill Middle Market Senior Loan Access Fund, LP",Alternative Strat,MULTIPLE,ALT,
CFICLL,SMA NAM Long Term Corp Lad,Nuveen Long-Term Corporate Ladder,Nuveen Long-Term Corporate Ladder,Taxable Fixed Income,FIXED INCOME TAXABLE,SMA,
USBTLCG,SMA NAM Lg Cap Grow (USBank),Nuveen Large Cap Growth (USBank),Nuveen Large Cap Growth (USBank),Growth,EQUITY,SMA,
ETFG,Nuveen ESG Aggress growth model portfolio (ETF),Nuveen ESG Aggressive growth model portfolio (ETF),Nuveen ESG Aggressive growth model portfolio (ETF),SRI,MULTIPLE,ETF,
QCBMX,ANN TIAA CREF Bond Market Account,ANN TIAA CREF Bond Mkt Acct,ANN TIAA CREF Bond Market Account,Municipal - National,FIXED INCOME MUNI,ANNUITY,
LSCV,MF TIAA Life Sm Cap Eq,MF TIAA Life Small Cap Equity Fund,MF TIAA Life Small Cap Equity Fund,Growth,EQUITY,MF,
LBALC,MF TIAA Life Bal,MF TIAA Life Balanced Fund,MF TIAA Life Balanced Fund,Growth/Income,EQUITY,MF,
CP1015,SMA NAM Corp Lad 10-15Y,Nuveen Corporate Ladder 10-15 Year Model,Nuveen Corporate Ladder 10-15 Year Model,Taxable Fixed Income,FIXED INCOME TAXABLE,SMA,
NAMEO,UIT NAM Eq Outlook,Nuveen Equity Outlook Portfolio ,Nuveen Equity Outlook Portfolio ,Growth,EQUITY,UIT,
NAMLCD,UIT NAM Lg Cap Div,Nuveen Large Cap Dividend Portfolio,Nuveen Large Cap Dividend Portfolio,Growth,EQUITY,UIT,
NWQGDV,UIT NWQ Gl Div Val,NWQ Global Dividend Value Portfolio,Nuveen NWQ Global Dividend Value Portfolio,Value,EQUITY,UIT,
GT0515,SMA NAM GT Lad 5-15Y,Nuveen Gradual Transition Laddered 5-15 yrs,Nuveen Gradual Transition Laddered 5-15 yrs,Municipal - National,FIXED INCOME MUNI,SMA,
SAMLVE,UIT SAM Lo Vol Eq,Symphony Low Volatility Equity Portfolio,Nuveen Symphony Low Volatility Equity Portfolio,Core,EQUITY,UIT,
JHD,CEF JHD Hi Inc Dec 2019,Nuveen High Income Dec 2019 Target Term,Nuveen High Income Dec 2019 Target Term Fund,TFI,FIXED INCOME TAXABLE,CEF,
TIAAESG,UIT TIAA ESG Gl Div,TIAA ESG Global Dividend Portfolio,Nuveen TIAA ESG Global Dividend Portfolio,Global/International,EQUITY,UIT,
STRSEM,SMA NAM Emg Mkts (ADR),Nuveen Emerging Markets (ADR),Nuveen Sector Emerging Markets (ADR),Global/International,EQUITY,SMA,
STRPPM,SMA NAM Sector Passive Plus Mod TE,Nuveen Sector Passive Plus Mod TE,Nuveen Sector Passive Plus Mod TE,Quant/Enhanced,EQUITY,SMA,
NAMFAL,UIT NAM Dyn Alloc 60/40,Nuveen Dynamic Allocation 60/40 Portfolio,Nuveen Dynamic Allocation 60/40 Portfolio,Growth/Income,EQUITY,UIT,
NFCA,MF NAM CA Int Muni Bond,Nuveen California Intermediate Municipal Bond,Nuveen California Intermediate Municipal Bond Fund,Municipal - State,FIXED INCOME MUNI,MF,
TAMSCB,SMA TIAA Soc Ch Bond,TIAA Social Choice Bond,TIAA Social Choice Bond,SRI,FIXED INCOME TAXABLE,SMA,
NULV,ETF NULV ESG Lg Cap Val,Nuveen ESG Large-Cap Value,Nuveen ESG Large-Cap Value,Value,MULTIPLE,ETF,
NUMG,ETF NUMG ESG Mid Cap Grow,Nuveen ESG Mid-Cap Growth,Nuveen ESG Mid-Cap Growth,Growth,MULTIPLE,ETF,
CFICRP,SMA NAM Int Corp,Nuveen Intermediate Corporate,Nuveen Intermediate Corporate,Taxable Fixed Income,FIXED INCOME TAXABLE,SMA,
529MIARP,529MI Ariel,Ariel Portfolio,Ariel Portfolio,Taxable Fixed Income,FIXED INCOME TAXABLE,529,
CFIGOV,SMA NAM Int Gov,Nuveen Intermediate Government,Nuveen Intermediate Government,Taxable Fixed Income,FIXED INCOME TAXABLE,SMA,
USBTLCV,SMA NAM Lg Cap Val (USBank),Nuveen Large Cap Value (USBank),Nuveen Large Cap Value (USBank),Value,EQUITY,SMA,
ETFMG,Nuveen ESG Mod growth model portfolio (ETF),Nuveen ESG Moderate growth model portfolio (ETF),Nuveen ESG Moderate growth model portfolio (ETF),SRI,MULTIPLE,ETF,
XWELL1,SMA NAM Muni Tot Rtn Cstm Dur 60/40,Nuveen Muni Total Return Custom Duration 60/40,Nuveen Municipal Total Return Custom Duration (60/40),Municipal - National,FIXED INCOME MUNI,SMA,
JEMX,CEF JEMX Emg Mkt Debt 2025,CEF JEMX Emg Mkt Debt 2025,CEF JEMX Emerging Markets Debt 2025,EQGL,EQUITY,CEF,
NGRES,MF NAM Glb Real Est Sec,NAM Global Real Est Sec Fund,Nuveen Global Real Estate Securities Fund,Real Assets,REAL ESTATE,MF,
GCREIT,ALT Gl Cities REIT,Global Cities REIT,Nuveen Global Cities REIT,Alternative Strat,REAL ESTATE,ALT,
CCFICLA,CIT NAM Cstm FI Int Corp Lad A,CIT Nuveen Custom Fixed Income Intermediate Corporate Ladder A and Above,CIT Nuveen Custom Fixed Income Intermediate Corporate Ladder A and Above,Taxable Fixed Income,FIXED INCOME TAXABLE,CIT,
CFGI,CIT NAM Glb Infra,CIT Nuveen Global Infrastructure,CIT Nuveen Global Infrastructure Fund,Real Assets,EQUITY,CIT,
CSBIE,CIT NAM Intl Grow,CIT Nuveen International Growth,CIT Nuveen International Growth Fund,Global/International,EQUITY,CIT,
CNWSM,CIT NWQ SMID Cap Val,CIT NWQ Small/Mid-Cap Value,CIT NWQ Small/Mid-Cap Value Fund,Value,EQUITY,CIT,
QCEQX,ANN TIAA CREF Equity Index Account,ANN TIAA CREF Equity Index Acct,ANN TIAA CREF Equity Index Account,Index,EQUITY,ANNUITY,
QREAX,ANN TIAA Real Estate,ANN TIAA Real Estate,ANN TIAA Real Estate,Real Estate,REAL ESTATE,ANNUITY,
LGRIC,MF TIAA Life Gr & Inc,MF TIAA Life Growth & Income Fund,MF TIAA Life Growth & Income Fund,Growth/Income,EQUITY,MF,
LMMKT,MF TIAA Life Mon Mkt,MF TIAA Life Money Market Fund,MF TIAA Life Money Market Fund,Money Market,MONEY,MF,
QCSTX,ANN TIAA CREF Stock Acct,ANN TIAA CREF Stock Account,ANN TIAA CREF Stock Account,Growth,EQUITY,ANNUITY,
CFRIL0,SMA NAM Corp Bond Ldr ESG 1-10 Yr,SMA NAM Corporate Bond Ladder ESG 1-10 Yr,SMA NAM Corporate Bond Ladder ESG 1-10 Yr,SRI,FIXED INCOME TAXABLE,SMA,
CFIGCL,SMA NAM Long Gov Credit,NAM Long Government Credit,NAM Long Government Credit,Taxable Fixed Income,FIXED INCOME TAXABLE,SMA,
RIBL,SMA NAM Int Term Muni ESG,NAM Intermediate Term Municipal ESG,NAM Intermediate Term Municipal ESG,Municipal - National,FIXED INCOME MUNI,SMA,
NEMEQ,MF NAM Emerging Mkt Eq,Nuveen Emerging Markets Equity Fund,Nuveen Emerging Markets Equity Fund,Global/International,EQUITY,MF,
